Customer_ID,Age,Gender,Tenure,Monthly_Charges,Contract_Type,Internet_Service,Tech_Support,Online_Security,Payment_Method,Paperless_Billing,Complaints,Satisfaction_Score,Total_Charges,Churn
1,56,Male,40,102.79,Month-to-Month,DSL,No,Yes,UPI,Yes,3,4,4111.6,Yes
2,69,Male,45,98.77,Month-to-Month,Fiber,No,Yes,Bank Transfer,No,4,7,4444.65,No
3,46,Male,62,82.44,Month-to-Month,Fiber,Yes,Yes,UPI,Yes,4,6,5111.28,No
4,32,Female,58,69.45,Two Year,DSL,No,No,UPI,No,5,10,4028.1,No
5,60,Male,67,117.96,One Year,None,No,Yes,Credit Card,Yes,5,1,7903.32,No
6,25,Male,56,34.5,One Year,Fiber,Yes,No,Bank Transfer,No,3,1,1932.0,No
7,38,Male,40,92.52,Month-to-Month,None,Yes,Yes,UPI,Yes,1,8,3700.8,No
8,56,Female,40,39.12,One Year,DSL,No,No,Credit Card,Yes,0,4,1564.8,No
9,36,Female,33,53.83,One Year,Fiber,No,Yes,UPI,No,2,5,1776.39,No
10,40,Male,6,50.87,One Year,Fiber,No,No,Bank Transfer,Yes,4,7,305.22,No
11,28,Male,19,114.7,Two Year,DSL,Yes,Yes,UPI,No,2,8,2179.3,No
12,28,Male,40,116.74,Month-to-Month,Fiber,Yes,Yes,UPI,Yes,0,10,4669.6,No
13,41,Male,59,38.3,Two Year,DSL,Yes,Yes,Credit Card,Yes,5,7,2259.7,No
14,53,Female,59,22.2,Two Year,Fiber,Yes,No,UPI,Yes,4,2,1309.8,No
15,57,Female,48,92.0,Month-to-Month,DSL,No,Yes,Credit Card,No,2,4,4416.0,No
16,41,Female,41,61.8,Month-to-Month,Fiber,Yes,Yes,Bank Transfer,No,5,10,2533.8,No
17,20,Female,13,28.88,Two Year,None,Yes,Yes,UPI,No,0,1,375.44,No
18,39,Male,45,88.38,Month-to-Month,None,No,Yes,Bank Transfer,No,2,10,3977.1,No
19,19,Male,53,74.51,Month-to-Month,None,No,No,Bank Transfer,No,1,9,3949.03,No
20,41,Male,42,118.05,Two Year,Fiber,No,Yes,UPI,Yes,5,3,4958.1,No
21,61,Female,63,42.74,Month-to-Month,Fiber,Yes,No,Credit Card,Yes,0,3,2692.62,No
22,47,Male,27,60.4,Month-to-Month,None,No,No,Bank Transfer,No,2,10,1630.8,No
23,55,Female,38,74.25,Month-to-Month,None,No,No,Bank Transfer,Yes,1,9,2821.5,No
24,19,Female,60,99.17,Month-to-Month,DSL,Yes,No,UPI,Yes,1,10,5950.2,No
25,38,Male,7,74.88,Month-to-Month,DSL,Yes,Yes,UPI,Yes,0,3,524.16,No
26,50,Male,5,81.29,Month-to-Month,DSL,No,No,UPI,Yes,3,8,406.45,No
27,29,Male,45,42.61,One Year,None,Yes,No,UPI,No,4,2,1917.45,No
28,39,Female,58,104.69,Month-to-Month,None,No,No,UPI,Yes,0,3,6072.02,No
29,61,Male,31,62.86,One Year,None,No,No,UPI,No,1,2,1948.66,No
30,42,Female,23,34.1,One Year,DSL,Yes,Yes,Credit Card,No,1,1,784.3,No
31,66,Male,42,86.42,Month-to-Month,Fiber,No,Yes,Bank Transfer,Yes,0,2,3629.64,No
32,44,Female,10,41.61,One Year,None,Yes,No,Credit Card,No,3,8,416.1,No
33,59,Female,32,29.76,Month-to-Month,Fiber,Yes,No,Credit Card,Yes,4,9,952.32,No
34,45,Male,53,106.2,Month-to-Month,Fiber,Yes,No,UPI,Yes,2,2,5628.6,No
35,33,Female,30,66.02,Month-to-Month,Fiber,No,Yes,Bank Transfer,Yes,0,7,1980.6,No
36,32,Female,39,94.93,Two Year,DSL,Yes,Yes,Credit Card,No,4,5,3702.27,No
37,64,Male,31,49.06,Month-to-Month,Fiber,Yes,Yes,UPI,No,4,3,1520.86,Yes
38,68,Female,2,98.7,Month-to-Month,None,No,Yes,UPI,No,5,9,197.4,No
39,61,Male,12,31.19,One Year,DSL,No,Yes,Bank Transfer,Yes,1,6,374.28,No
40,69,Female,39,55.6,Month-to-Month,None,No,No,Credit Card,Yes,2,1,2168.4,No
41,20,Male,66,117.81,Month-to-Month,None,No,Yes,Credit Card,Yes,0,5,7775.46,No
42,54,Male,13,99.4,Month-to-Month,DSL,Yes,Yes,Credit Card,No,1,7,1292.2,No
43,68,Female,46,69.73,One Year,None,Yes,No,UPI,Yes,5,4,3207.58,No
44,24,Female,27,53.98,One Year,None,Yes,Yes,Bank Transfer,Yes,5,8,1457.46,No
45,38,Female,17,107.21,Month-to-Month,DSL,No,Yes,Bank Transfer,No,1,10,1822.57,No
46,26,Female,60,74.48,Month-to-Month,None,No,Yes,Credit Card,No,3,5,4468.8,No
47,56,Female,64,95.84,Month-to-Month,Fiber,Yes,No,UPI,No,4,9,6133.76,No
48,35,Male,35,95.41,One Year,None,No,Yes,Credit Card,Yes,0,9,3339.35,No
49,21,Female,70,21.79,Month-to-Month,Fiber,No,No,Bank Transfer,Yes,0,9,1525.3,No
50,42,Male,30,32.63,Month-to-Month,None,Yes,No,UPI,Yes,0,1,978.9,No
51,31,Male,71,85.96,Month-to-Month,DSL,Yes,Yes,Credit Card,No,1,2,6103.16,No
52,67,Female,63,36.16,Month-to-Month,DSL,No,Yes,Credit Card,No,3,3,2278.08,Yes
53,26,Male,28,45.55,Month-to-Month,None,No,Yes,UPI,No,2,4,1275.4,No
54,43,Male,60,114.66,Month-to-Month,DSL,No,Yes,Bank Transfer,No,5,10,6879.6,No
55,19,Male,37,76.02,Month-to-Month,None,Yes,No,UPI,Yes,1,9,2812.74,No
56,37,Male,22,95.07,One Year,DSL,Yes,Yes,Credit Card,Yes,2,10,2091.54,No
57,45,Female,68,75.8,Month-to-Month,Fiber,Yes,No,Credit Card,Yes,5,6,5154.4,No
58,64,Male,20,75.25,Two Year,None,Yes,No,Credit Card,Yes,5,1,1505.0,No
59,24,Female,68,29.42,Month-to-Month,Fiber,Yes,No,Credit Card,Yes,3,9,2000.56,No
60,61,Female,64,54.37,One Year,Fiber,No,No,Bank Transfer,Yes,4,6,3479.68,No
61,25,Male,17,48.24,One Year,None,No,No,Bank Transfer,Yes,0,4,820.08,No
62,64,Female,12,59.07,Month-to-Month,Fiber,No,Yes,Credit Card,Yes,2,4,708.84,No
63,52,Female,22,99.83,Month-to-Month,None,Yes,No,Bank Transfer,No,1,3,2196.26,No
64,31,Female,17,57.19,One Year,Fiber,Yes,No,Bank Transfer,No,2,7,972.23,No
65,34,Male,10,65.17,Month-to-Month,None,Yes,Yes,Bank Transfer,Yes,4,3,651.7,Yes
66,53,Female,65,59.74,Two Year,None,No,Yes,Credit Card,No,0,2,3883.1,No
67,67,Female,22,29.34,Month-to-Month,DSL,Yes,No,UPI,Yes,2,10,645.48,No
68,57,Female,50,64.11,Two Year,None,Yes,No,UPI,Yes,4,8,3205.5,No
69,21,Male,14,39.56,Month-to-Month,None,No,Yes,UPI,No,1,4,553.84,No
70,19,Female,64,38.67,One Year,Fiber,Yes,No,Credit Card,Yes,3,8,2474.88,No
71,23,Male,47,29.4,One Year,None,No,Yes,Bank Transfer,Yes,5,1,1381.8,No
72,59,Male,29,55.67,One Year,DSL,Yes,Yes,Bank Transfer,Yes,1,5,1614.43,No
73,21,Male,36,95.75,Month-to-Month,Fiber,Yes,No,Credit Card,Yes,0,9,3447.0,No
74,46,Male,52,47.64,One Year,Fiber,No,Yes,Credit Card,Yes,5,1,2477.28,No
75,35,Male,7,51.23,Month-to-Month,DSL,No,No,UPI,Yes,1,4,358.61,No
76,43,Male,29,84.27,One Year,Fiber,No,No,UPI,Yes,1,6,2443.83,No
77,61,Female,11,39.58,Month-to-Month,Fiber,No,No,Credit Card,No,1,10,435.38,No
78,51,Male,33,109.7,Two Year,Fiber,No,Yes,UPI,No,1,8,3620.1,No
79,27,Female,6,72.02,Month-to-Month,Fiber,No,No,Bank Transfer,Yes,5,3,432.12,Yes
80,53,Female,32,64.76,One Year,DSL,Yes,Yes,Credit Card,No,0,5,2072.32,No
81,31,Male,51,75.78,Two Year,DSL,Yes,No,Credit Card,Yes,4,7,3864.78,No
82,48,Female,58,36.6,One Year,Fiber,No,No,Bank Transfer,Yes,2,1,2122.8,No
83,65,Female,26,81.35,Month-to-Month,Fiber,Yes,Yes,Bank Transfer,Yes,3,7,2115.1,No
84,32,Female,46,56.31,Month-to-Month,DSL,No,No,Bank Transfer,Yes,2,8,2590.26,No
85,25,Female,29,109.72,Two Year,DSL,Yes,No,UPI,No,2,8,3181.88,No
86,31,Male,4,36.89,Month-to-Month,DSL,No,Yes,Credit Card,No,3,9,147.56,No
87,40,Female,13,70.71,Month-to-Month,Fiber,Yes,Yes,UPI,No,5,6,919.23,No
88,57,Male,39,79.81,One Year,Fiber,Yes,Yes,Bank Transfer,No,0,6,3112.59,No
89,38,Female,15,23.34,One Year,None,Yes,No,UPI,Yes,3,2,350.1,No
90,33,Female,29,56.37,Month-to-Month,DSL,Yes,Yes,Bank Transfer,No,0,3,1634.73,No
91,62,Male,29,93.26,One Year,Fiber,Yes,Yes,UPI,Yes,5,4,2704.54,No
92,35,Female,32,102.04,One Year,DSL,No,No,UPI,Yes,2,4,3265.28,No
93,64,Female,2,51.32,Month-to-Month,Fiber,No,Yes,Bank Transfer,No,0,8,102.64,No
94,41,Female,47,99.86,Two Year,DSL,No,No,UPI,Yes,5,1,4693.42,No
95,43,Male,22,116.78,Month-to-Month,Fiber,Yes,No,Credit Card,No,5,10,2569.16,No
96,42,Female,27,105.69,Month-to-Month,None,No,Yes,UPI,No,4,4,2853.63,Yes
97,62,Male,67,31.76,Month-to-Month,None,Yes,No,UPI,No,3,4,2127.92,Yes
98,58,Female,56,93.97,Month-to-Month,DSL,Yes,Yes,Credit Card,No,4,1,5262.32,Yes
99,46,Male,21,51.97,Two Year,Fiber,Yes,Yes,Bank Transfer,No,2,3,1091.37,No
100,32,Male,47,118.84,Month-to-Month,Fiber,No,Yes,Credit Card,Yes,3,5,5585.48,No
101,62,Female,59,68.54,Month-to-Month,DSL,Yes,Yes,UPI,No,2,6,4043.86,No
102,18,Female,6,32.24,Month-to-Month,Fiber,No,No,Bank Transfer,No,4,9,193.44,No
103,42,Male,19,92.52,Month-to-Month,DSL,No,No,UPI,Yes,5,9,1757.88,No
104,24,Male,57,52.3,Month-to-Month,Fiber,Yes,Yes,UPI,No,2,9,2981.1,No
105,26,Female,69,119.71,Month-to-Month,DSL,Yes,Yes,Credit Card,No,3,1,8259.99,Yes
106,41,Male,3,117.98,Month-to-Month,Fiber,No,No,Credit Card,Yes,3,9,353.94,No
107,18,Female,1,85.61,Two Year,DSL,No,Yes,Bank Transfer,Yes,2,8,85.61,No
108,61,Female,58,32.98,Month-to-Month,Fiber,No,No,Bank Transfer,No,3,2,1912.84,Yes
109,25,Female,38,88.69,Month-to-Month,None,No,Yes,Bank Transfer,Yes,5,1,3370.22,Yes
110,41,Female,15,29.3,Month-to-Month,Fiber,No,No,UPI,No,5,1,439.5,Yes
111,28,Male,34,22.94,One Year,DSL,No,No,Credit Card,Yes,3,6,779.96,No
112,68,Female,61,102.3,Month-to-Month,None,Yes,No,Credit Card,No,2,9,6240.3,No
113,34,Male,35,40.98,Month-to-Month,Fiber,No,Yes,Credit Card,No,4,7,1434.3,No
114,25,Female,64,57.9,Month-to-Month,None,No,Yes,Bank Transfer,No,3,5,3705.6,No
115,52,Male,25,117.35,Two Year,Fiber,No,Yes,Credit Card,Yes,3,2,2933.75,No
116,52,Female,24,53.68,Month-to-Month,None,No,Yes,Credit Card,No,3,1,1288.32,Yes
117,50,Male,12,49.65,One Year,DSL,Yes,Yes,Credit Card,Yes,3,2,595.8,No
118,22,Male,18,111.82,Month-to-Month,Fiber,Yes,No,Bank Transfer,No,2,1,2012.76,No
119,59,Female,15,31.07,Month-to-Month,Fiber,No,No,Credit Card,No,4,3,466.05,Yes
120,56,Female,27,95.96,One Year,DSL,No,No,Bank Transfer,No,4,6,2590.92,No
121,58,Female,60,118.81,Month-to-Month,None,No,No,Credit Card,No,0,8,7128.6,No
122,45,Female,46,110.13,Two Year,DSL,Yes,No,Credit Card,No,3,3,5065.98,No
123,24,Male,17,85.17,Two Year,DSL,Yes,No,Credit Card,Yes,3,10,1447.89,No
124,26,Female,53,51.41,Two Year,None,Yes,No,Bank Transfer,Yes,0,9,2724.73,No
125,25,Male,8,45.43,Month-to-Month,DSL,Yes,Yes,Bank Transfer,Yes,4,10,363.44,No
126,29,Male,27,101.93,One Year,Fiber,Yes,No,Credit Card,No,1,5,2752.11,No
127,51,Female,46,107.98,Month-to-Month,Fiber,Yes,Yes,UPI,No,5,7,4967.08,No
128,50,Male,50,72.54,Two Year,Fiber,No,No,Bank Transfer,Yes,1,8,3627.0,No
129,65,Male,71,44.43,One Year,DSL,Yes,No,Bank Transfer,No,4,3,3154.53,No
130,40,Male,3,31.29,One Year,Fiber,Yes,Yes,Credit Card,No,3,2,93.87,No
131,41,Male,64,28.72,Month-to-Month,Fiber,No,No,UPI,No,1,2,1838.08,No
132,54,Female,44,91.91,Month-to-Month,Fiber,Yes,Yes,Credit Card,Yes,2,5,4044.04,No
133,52,Female,53,62.01,Month-to-Month,Fiber,No,No,Bank Transfer,Yes,2,1,3286.53,No
134,61,Female,24,110.54,One Year,Fiber,Yes,Yes,Bank Transfer,Yes,0,2,2652.96,No
135,57,Female,60,93.97,Month-to-Month,Fiber,No,No,Credit Card,Yes,4,9,5638.2,No
136,39,Male,3,39.13,Month-to-Month,DSL,No,Yes,Credit Card,Yes,4,7,117.39,No
137,44,Male,20,81.38,One Year,Fiber,No,Yes,UPI,No,1,6,1627.6,No
138,52,Female,46,63.55,Month-to-Month,Fiber,No,No,UPI,No,3,9,2923.3,No
139,18,Female,15,77.72,Month-to-Month,None,No,No,Bank Transfer,No,4,7,1165.8,No
140,52,Female,25,93.81,Month-to-Month,DSL,Yes,Yes,UPI,No,1,5,2345.25,No
141,54,Male,71,100.62,Month-to-Month,DSL,Yes,No,UPI,Yes,1,9,7144.02,No
142,64,Female,17,104.37,Month-to-Month,DSL,No,Yes,Bank Transfer,Yes,5,6,1774.29,No
143,31,Female,9,45.4,Month-to-Month,DSL,No,No,Bank Transfer,No,5,6,408.6,No
144,20,Female,38,23.11,Month-to-Month,Fiber,No,Yes,Bank Transfer,Yes,4,4,878.18,Yes
145,18,Male,48,93.93,Month-to-Month,Fiber,Yes,No,Bank Transfer,No,1,1,4508.64,No
146,22,Male,60,30.63,One Year,None,No,Yes,Credit Card,No,0,5,1837.8,No
147,43,Male,63,51.49,Month-to-Month,None,No,No,Bank Transfer,No,0,9,3243.87,No
148,31,Male,2,20.38,Month-to-Month,DSL,No,Yes,Bank Transfer,No,5,8,40.76,No
149,56,Male,11,88.17,Two Year,None,No,Yes,Bank Transfer,Yes,4,8,969.87,No
150,44,Male,64,36.71,Month-to-Month,None,Yes,No,UPI,No,3,5,2349.44,No
151,26,Male,21,85.53,Month-to-Month,DSL,No,No,Bank Transfer,Yes,0,9,1796.13,No
152,32,Male,18,119.17,One Year,DSL,No,Yes,Credit Card,No,0,3,2145.06,No
153,32,Female,64,27.27,Two Year,None,Yes,Yes,Credit Card,No,5,3,1745.28,No
154,43,Female,38,27.71,One Year,Fiber,No,Yes,Bank Transfer,No,5,1,1052.98,No
155,59,Male,32,54.04,One Year,None,No,Yes,Credit Card,No,4,9,1729.28,No
156,30,Male,11,106.64,One Year,None,Yes,No,UPI,Yes,5,6,1173.04,No
157,68,Female,45,41.55,Month-to-Month,Fiber,Yes,Yes,Bank Transfer,No,2,2,1869.75,No
158,49,Male,33,56.04,One Year,Fiber,Yes,Yes,Credit Card,Yes,1,8,1849.32,No
159,56,Male,41,26.85,Month-to-Month,DSL,No,Yes,Credit Card,No,0,9,1100.85,No
160,66,Male,8,96.32,Two Year,DSL,No,No,Bank Transfer,No,2,9,770.56,No
161,69,Female,11,60.83,Month-to-Month,None,Yes,Yes,Credit Card,No,3,2,669.13,Yes
162,49,Female,51,95.92,Month-to-Month,Fiber,Yes,No,Bank Transfer,Yes,2,2,4891.92,No
163,21,Female,41,110.36,Month-to-Month,DSL,Yes,No,Credit Card,No,4,7,4524.76,No
164,47,Female,17,43.28,One Year,None,No,No,UPI,No,3,4,735.76,No
165,54,Female,46,100.74,Month-to-Month,Fiber,No,No,Credit Card,No,3,1,4634.04,Yes
166,40,Male,32,25.91,Two Year,None,Yes,No,Credit Card,No,5,8,829.12,No
167,56,Female,54,109.88,One Year,DSL,No,No,Bank Transfer,No,2,2,5933.52,No
168,62,Male,20,85.08,Month-to-Month,DSL,Yes,No,Credit Card,Yes,4,3,1701.6,Yes
169,32,Male,33,107.42,One Year,Fiber,No,Yes,Bank Transfer,Yes,0,5,3544.86,No
170,60,Female,40,20.02,One Year,None,No,Yes,UPI,No,5,3,800.8,No
171,46,Female,32,36.91,One Year,Fiber,No,No,Bank Transfer,No,2,7,1181.12,No
172,53,Male,2,58.98,Month-to-Month,DSL,No,Yes,Bank Transfer,Yes,0,7,117.96,No
173,30,Male,33,57.95,Month-to-Month,DSL,Yes,Yes,Credit Card,No,2,2,1912.35,No
174,49,Male,30,42.67,Month-to-Month,None,No,No,UPI,Yes,5,7,1280.1,No
175,24,Female,33,58.16,Month-to-Month,None,No,Yes,Bank Transfer,No,0,6,1919.28,No
176,68,Female,26,32.88,Two Year,None,Yes,No,Credit Card,No,5,10,854.88,No
177,39,Female,22,61.28,Month-to-Month,Fiber,No,Yes,Credit Card,Yes,2,9,1348.16,No
178,45,Female,66,100.24,One Year,None,Yes,No,Bank Transfer,No,3,9,6615.84,No
179,19,Female,38,67.91,Month-to-Month,None,Yes,No,Credit Card,Yes,1,2,2580.58,No
180,59,Male,46,21.8,Month-to-Month,DSL,No,Yes,Bank Transfer,Yes,3,7,1002.8,No
181,62,Female,15,62.14,One Year,DSL,No,Yes,Bank Transfer,Yes,5,5,932.1,No
182,23,Male,44,22.72,Two Year,None,Yes,No,Bank Transfer,No,5,6,999.68,No
183,45,Male,49,116.62,Month-to-Month,None,Yes,No,UPI,Yes,5,1,5714.38,Yes
184,45,Male,61,32.75,Month-to-Month,DSL,Yes,No,Bank Transfer,Yes,0,7,1997.75,No
185,61,Female,67,90.77,Month-to-Month,None,No,Yes,Credit Card,No,4,6,6081.59,No
186,61,Female,6,117.28,Month-to-Month,Fiber,Yes,Yes,UPI,No,5,4,703.68,Yes
187,37,Female,9,102.6,Month-to-Month,Fiber,Yes,Yes,Credit Card,No,3,1,923.4,Yes
188,47,Male,6,89.93,Month-to-Month,Fiber,Yes,Yes,UPI,No,1,9,539.58,No
189,28,Male,32,103.95,Month-to-Month,None,No,No,UPI,No,5,4,3326.4,Yes
190,45,Male,41,118.18,One Year,DSL,Yes,No,UPI,No,5,2,4845.38,No
191,42,Male,8,82.13,Month-to-Month,None,No,No,UPI,Yes,5,8,657.04,No
192,56,Male,50,75.92,Month-to-Month,None,No,No,Credit Card,No,0,2,3796.0,No
193,50,Male,62,82.82,Month-to-Month,DSL,Yes,Yes,Bank Transfer,Yes,5,5,5134.84,No
194,18,Female,62,73.27,One Year,DSL,No,No,Credit Card,No,3,6,4542.74,No
195,44,Female,7,83.51,Two Year,DSL,Yes,No,Bank Transfer,Yes,2,8,584.57,No
196,69,Female,4,64.98,Month-to-Month,Fiber,No,Yes,Credit Card,Yes,4,1,259.92,Yes
197,30,Female,6,41.84,One Year,None,No,Yes,UPI,No,5,1,251.04,No
198,58,Male,58,32.02,Month-to-Month,DSL,Yes,No,UPI,No,0,4,1857.16,No
199,20,Male,22,26.83,Month-to-Month,None,Yes,Yes,Bank Transfer,Yes,3,5,590.26,No
200,56,Female,26,46.33,Month-to-Month,Fiber,Yes,No,Bank Transfer,No,5,9,1204.58,No
201,23,Male,3,24.61,Month-to-Month,Fiber,No,Yes,Credit Card,No,0,7,73.83,No
202,25,Female,41,76.72,One Year,DSL,No,Yes,Bank Transfer,Yes,2,7,3145.52,No
203,44,Female,60,48.38,Two Year,DSL,Yes,No,Credit Card,Yes,1,8,2902.8,No
204,26,Female,14,102.45,Month-to-Month,None,Yes,Yes,Bank Transfer,Yes,5,5,1434.3,No
205,54,Male,12,27.42,One Year,DSL,No,No,Bank Transfer,No,3,5,329.04,No
206,50,Female,12,42.64,Month-to-Month,None,No,Yes,Bank Transfer,No,0,1,511.68,No
207,68,Female,13,93.02,Month-to-Month,DSL,No,Yes,UPI,No,0,9,1209.26,No
208,59,Female,25,79.88,Month-to-Month,None,Yes,Yes,UPI,No,5,6,1997.0,No
209,61,Male,45,26.45,Month-to-Month,None,No,Yes,Credit Card,Yes,0,9,1190.25,No
210,41,Male,19,107.72,Month-to-Month,None,Yes,Yes,Bank Transfer,No,1,3,2046.68,No
211,32,Female,55,107.73,Month-to-Month,None,No,No,Credit Card,Yes,0,5,5925.15,No
212,49,Male,45,53.04,Month-to-Month,Fiber,No,Yes,Bank Transfer,No,4,2,2386.8,Yes
213,49,Male,8,54.04,Month-to-Month,None,Yes,No,UPI,No,4,10,432.32,No
214,41,Male,53,118.9,One Year,DSL,Yes,Yes,UPI,Yes,0,5,6301.7,No
215,58,Male,55,82.62,Month-to-Month,Fiber,Yes,No,Bank Transfer,No,5,8,4544.1,No
216,69,Male,32,73.13,Two Year,Fiber,No,Yes,Bank Transfer,No,4,2,2340.16,No
217,66,Male,51,103.82,Month-to-Month,None,No,No,UPI,Yes,3,8,5294.82,No
218,66,Male,44,48.53,One Year,Fiber,No,No,UPI,No,4,4,2135.32,No
219,69,Male,70,62.92,Two Year,None,Yes,Yes,Credit Card,Yes,0,10,4404.4,No
220,29,Male,18,46.78,One Year,DSL,No,Yes,UPI,Yes,5,10,842.04,No
221,56,Male,22,98.92,Month-to-Month,None,Yes,Yes,Bank Transfer,Yes,2,1,2176.24,No
222,19,Female,37,77.33,One Year,Fiber,Yes,No,Credit Card,Yes,5,5,2861.21,No
223,20,Female,56,85.88,Month-to-Month,DSL,Yes,No,Bank Transfer,No,5,1,4809.28,Yes
224,66,Male,59,45.23,Month-to-Month,None,No,Yes,Credit Card,No,5,7,2668.57,No
225,54,Female,3,42.02,Month-to-Month,DSL,No,Yes,Bank Transfer,No,3,8,126.06,No
226,66,Female,28,68.84,Month-to-Month,DSL,Yes,No,UPI,Yes,1,3,1927.52,No
227,34,Male,35,93.76,Month-to-Month,Fiber,No,No,Bank Transfer,No,0,3,3281.6,No
228,66,Male,61,72.52,Two Year,DSL,Yes,Yes,Credit Card,No,1,7,4423.72,No
229,19,Male,54,23.26,One Year,Fiber,Yes,No,Bank Transfer,No,2,4,1256.04,No
230,19,Female,63,106.86,Month-to-Month,DSL,No,Yes,Credit Card,No,1,3,6732.18,No
231,45,Female,7,26.47,Two Year,None,Yes,Yes,Bank Transfer,Yes,0,8,185.29,No
232,40,Male,49,115.58,Month-to-Month,DSL,Yes,Yes,UPI,Yes,0,3,5663.42,No
233,54,Male,31,22.51,Two Year,None,No,No,UPI,No,2,7,697.81,No
234,49,Male,58,89.45,Month-to-Month,None,Yes,No,Bank Transfer,Yes,0,2,5188.1,No
235,50,Female,61,28.22,Month-to-Month,DSL,Yes,No,Bank Transfer,No,2,1,1721.42,No
236,18,Female,24,111.07,One Year,None,Yes,No,Bank Transfer,No,2,6,2665.68,No
237,36,Female,20,66.44,One Year,DSL,Yes,Yes,Credit Card,No,0,8,1328.8,No
238,19,Female,37,33.75,One Year,DSL,Yes,No,Bank Transfer,Yes,4,1,1248.75,No
239,61,Male,4,54.08,Two Year,None,Yes,Yes,Bank Transfer,No,2,10,216.32,No
240,43,Male,20,36.48,One Year,None,Yes,Yes,Credit Card,Yes,0,9,729.6,No
241,49,Male,60,37.06,One Year,Fiber,No,Yes,UPI,Yes,4,3,2223.6,No
242,23,Male,24,114.81,Two Year,None,No,No,Bank Transfer,No,2,3,2755.44,No
243,49,Female,50,64.52,One Year,Fiber,Yes,Yes,Bank Transfer,Yes,4,4,3226.0,No
244,21,Female,49,98.88,Month-to-Month,None,Yes,Yes,UPI,Yes,3,1,4845.12,Yes
245,28,Male,51,83.96,Two Year,DSL,No,No,UPI,No,5,9,4281.96,No
246,34,Male,36,87.64,Month-to-Month,None,No,Yes,Credit Card,Yes,3,3,3155.04,Yes
247,55,Female,66,33.17,One Year,DSL,No,No,Bank Transfer,Yes,4,10,2189.22,No
248,41,Male,34,43.42,Two Year,DSL,No,No,Bank Transfer,No,2,4,1476.28,No
249,22,Female,36,98.68,One Year,DSL,No,No,Credit Card,No,0,1,3552.48,No
250,69,Male,6,117.08,One Year,Fiber,Yes,Yes,UPI,Yes,1,4,702.48,No
251,51,Male,39,46.27,One Year,None,No,No,Credit Card,No,0,1,1804.53,No
252,23,Male,42,47.16,Month-to-Month,DSL,No,No,UPI,No,1,5,1980.72,No
253,39,Male,58,67.29,Two Year,DSL,No,No,Credit Card,Yes,1,5,3902.82,No
254,28,Male,12,118.38,Month-to-Month,Fiber,Yes,No,UPI,Yes,2,7,1420.56,No
255,65,Male,3,46.9,Month-to-Month,None,Yes,Yes,Credit Card,No,4,8,140.7,No
256,33,Male,18,60.7,Month-to-Month,None,Yes,No,UPI,Yes,0,4,1092.6,No
257,50,Female,40,109.15,Month-to-Month,Fiber,Yes,Yes,UPI,No,4,7,4366.0,No
258,26,Female,21,20.29,Month-to-Month,Fiber,Yes,No,UPI,No,3,4,426.09,Yes
259,23,Female,15,23.98,One Year,None,Yes,Yes,UPI,Yes,2,3,359.7,No
260,33,Female,26,80.41,Month-to-Month,Fiber,No,No,UPI,Yes,2,6,2090.66,No
261,46,Female,8,110.74,Month-to-Month,None,Yes,Yes,Bank Transfer,No,3,4,885.92,Yes
262,20,Male,42,43.89,Month-to-Month,None,Yes,No,UPI,No,0,3,1843.38,No
263,37,Male,44,66.96,Month-to-Month,DSL,No,Yes,Bank Transfer,No,5,9,2946.24,No
264,53,Female,14,65.05,One Year,DSL,Yes,Yes,UPI,No,3,5,910.7,No
265,36,Male,2,67.3,Month-to-Month,None,No,Yes,Bank Transfer,Yes,0,7,134.6,No
266,43,Female,37,82.25,Month-to-Month,None,No,No,Bank Transfer,No,1,6,3043.25,No
267,20,Female,69,66.97,Month-to-Month,None,Yes,Yes,Credit Card,Yes,2,10,4620.93,No
268,36,Male,38,64.75,Month-to-Month,None,No,Yes,UPI,Yes,0,5,2460.5,No
269,37,Male,41,67.43,Month-to-Month,None,No,Yes,Credit Card,No,4,7,2764.63,No
270,49,Male,62,79.09,Month-to-Month,None,No,Yes,Credit Card,Yes,4,6,4903.58,No
271,24,Female,60,73.7,One Year,Fiber,No,No,UPI,Yes,2,10,4422.0,No
272,69,Male,14,105.41,One Year,None,Yes,Yes,Credit Card,No,3,2,1475.74,No
273,58,Female,2,24.95,Month-to-Month,Fiber,No,Yes,UPI,Yes,5,3,49.9,Yes
274,50,Female,70,103.33,Two Year,Fiber,Yes,Yes,Credit Card,Yes,3,2,7233.1,No
275,57,Female,17,104.39,Month-to-Month,None,No,No,UPI,No,0,3,1774.63,No
276,56,Male,28,48.49,Month-to-Month,None,No,Yes,UPI,No,3,1,1357.72,Yes
277,35,Male,66,66.29,Two Year,Fiber,No,Yes,UPI,No,2,8,4375.14,No
278,57,Female,35,63.85,Month-to-Month,Fiber,Yes,Yes,Bank Transfer,No,0,6,2234.75,No
279,18,Male,5,41.85,Two Year,None,Yes,Yes,Credit Card,No,1,2,209.25,No
280,28,Male,65,59.68,Month-to-Month,None,Yes,No,Bank Transfer,No,3,8,3879.2,No
281,45,Male,40,24.44,Month-to-Month,Fiber,No,Yes,Credit Card,No,3,6,977.6,No
282,42,Female,56,47.78,Month-to-Month,Fiber,No,Yes,Credit Card,Yes,5,7,2675.68,No
283,67,Female,36,101.67,One Year,Fiber,No,No,Credit Card,Yes,0,1,3660.12,No
284,40,Male,45,48.46,One Year,DSL,No,No,Bank Transfer,No,4,7,2180.7,No
285,48,Female,23,101.82,One Year,Fiber,Yes,No,Credit Card,Yes,3,3,2341.86,No
286,47,Male,47,73.16,Month-to-Month,DSL,No,Yes,Bank Transfer,Yes,2,8,3438.52,No
287,59,Male,31,107.99,Month-to-Month,None,Yes,No,UPI,No,3,6,3347.69,No
288,52,Male,11,77.48,Month-to-Month,None,No,Yes,Credit Card,Yes,5,4,852.28,Yes
289,24,Male,10,22.97,Month-to-Month,Fiber,Yes,No,Credit Card,No,1,8,229.7,No
290,33,Female,67,87.54,Two Year,None,Yes,Yes,UPI,Yes,5,9,5865.18,No
291,43,Female,14,24.49,Month-to-Month,None,No,No,UPI,No,3,10,342.86,No
292,65,Female,10,65.06,One Year,None,No,Yes,Credit Card,Yes,4,2,650.6,No
293,69,Male,1,112.94,One Year,None,Yes,No,UPI,Yes,3,6,112.94,No
294,66,Male,5,36.52,Month-to-Month,DSL,No,Yes,Bank Transfer,Yes,0,5,182.6,No
295,19,Male,20,58.99,One Year,DSL,No,Yes,Bank Transfer,No,3,5,1179.8,No
296,18,Female,8,92.99,Month-to-Month,Fiber,Yes,Yes,Credit Card,Yes,4,10,743.92,No
297,65,Male,43,108.23,Month-to-Month,Fiber,Yes,Yes,Bank Transfer,Yes,0,3,4653.89,No
298,29,Female,1,87.09,Month-to-Month,Fiber,Yes,Yes,Bank Transfer,No,2,8,87.09,No
299,22,Female,57,45.82,Month-to-Month,None,Yes,Yes,Credit Card,No,0,8,2611.74,No
300,54,Female,64,87.46,Month-to-Month,None,No,Yes,UPI,Yes,5,5,5597.44,No
301,49,Female,28,49.67,Month-to-Month,DSL,Yes,Yes,Credit Card,Yes,1,8,1390.76,No
302,26,Female,37,91.84,Month-to-Month,DSL,Yes,No,Bank Transfer,Yes,5,10,3398.08,No
303,58,Female,47,115.4,Month-to-Month,Fiber,Yes,Yes,Credit Card,Yes,0,8,5423.8,No
304,52,Male,37,92.14,One Year,DSL,No,Yes,Credit Card,No,2,3,3409.18,No
305,36,Male,49,106.29,One Year,DSL,Yes,No,Bank Transfer,Yes,3,2,5208.21,No
306,65,Female,44,20.21,Month-to-Month,DSL,No,Yes,Bank Transfer,Yes,0,9,889.24,No
307,33,Female,56,91.76,Month-to-Month,DSL,Yes,No,Credit Card,No,5,2,5138.56,Yes
308,20,Male,28,102.96,One Year,DSL,Yes,Yes,Bank Transfer,Yes,0,9,2882.88,No
309,37,Female,6,24.06,Month-to-Month,Fiber,No,No,Bank Transfer,Yes,0,4,144.36,No
310,41,Female,61,107.16,One Year,Fiber,Yes,No,Bank Transfer,Yes,0,2,6536.76,No
311,50,Male,20,45.67,Month-to-Month,DSL,Yes,Yes,Bank Transfer,No,2,10,913.4,No
312,41,Female,2,86.53,Month-to-Month,Fiber,No,No,Bank Transfer,No,4,1,173.06,Yes
313,69,Female,37,100.04,Month-to-Month,None,Yes,Yes,Bank Transfer,Yes,4,4,3701.48,Yes
314,28,Female,20,86.27,Month-to-Month,DSL,Yes,Yes,UPI,Yes,0,9,1725.4,No
315,66,Male,26,29.23,One Year,None,Yes,Yes,Credit Card,No,2,9,759.98,No
316,25,Male,29,79.63,Month-to-Month,Fiber,Yes,Yes,Bank Transfer,Yes,2,4,2309.27,No
317,53,Male,1,74.96,One Year,Fiber,No,No,Credit Card,Yes,0,9,74.96,No
318,55,Female,35,110.03,Two Year,None,Yes,Yes,UPI,No,5,6,3851.05,No
319,57,Female,70,60.42,Month-to-Month,Fiber,No,No,Bank Transfer,No,5,1,4229.4,Yes
320,37,Male,59,52.11,One Year,DSL,Yes,No,Credit Card,No,1,10,3074.49,No
321,52,Female,69,94.99,Month-to-Month,None,No,Yes,Bank Transfer,Yes,0,6,6554.31,No
322,65,Female,33,61.27,Month-to-Month,DSL,Yes,Yes,Bank Transfer,Yes,1,9,2021.91,No
323,42,Female,51,84.61,One Year,None,No,Yes,Bank Transfer,Yes,5,2,4315.11,No
324,52,Female,12,84.65,Month-to-Month,Fiber,Yes,Yes,Bank Transfer,Yes,5,6,1015.8,No
325,42,Female,20,108.8,Month-to-Month,None,No,No,Bank Transfer,No,0,2,2176.0,No
326,46,Male,53,79.87,Month-to-Month,None,No,Yes,Bank Transfer,Yes,1,4,4233.11,No
327,35,Female,43,70.22,Month-to-Month,DSL,Yes,No,Bank Transfer,Yes,1,8,3019.46,No
328,63,Male,50,33.89,Two Year,Fiber,No,Yes,UPI,No,0,7,1694.5,No
329,35,Female,29,31.57,Two Year,DSL,Yes,Yes,UPI,No,1,9,915.53,No
330,19,Male,57,35.43,One Year,Fiber,Yes,Yes,Bank Transfer,Yes,3,7,2019.51,No
331,52,Female,39,37.18,One Year,DSL,Yes,Yes,Bank Transfer,No,5,1,1450.02,No
332,33,Male,56,83.79,Month-to-Month,None,Yes,No,UPI,No,4,2,4692.24,Yes
333,58,Female,43,94.1,Month-to-Month,DSL,Yes,No,UPI,Yes,2,6,4046.3,No
334,53,Male,50,73.0,Month-to-Month,Fiber,No,Yes,UPI,Yes,1,7,3650.0,No
335,50,Female,23,102.9,Month-to-Month,Fiber,Yes,No,Bank Transfer,Yes,1,3,2366.7,No
336,21,Male,44,119.13,Month-to-Month,None,Yes,No,Credit Card,Yes,2,9,5241.72,No
337,50,Female,38,102.0,Two Year,Fiber,Yes,Yes,Credit Card,No,1,7,3876.0,No
338,31,Male,23,89.49,Month-to-Month,DSL,Yes,Yes,Credit Card,No,2,6,2058.27,No
339,38,Male,45,73.25,Month-to-Month,None,Yes,No,Credit Card,Yes,0,6,3296.25,No
340,65,Female,52,64.89,Month-to-Month,Fiber,Yes,No,Bank Transfer,Yes,3,1,3374.28,Yes
341,37,Female,50,28.44,One Year,Fiber,No,No,Credit Card,No,3,5,1422.0,No
342,25,Male,8,59.94,One Year,DSL,No,No,UPI,Yes,5,10,479.52,No
343,24,Female,1,111.01,Month-to-Month,DSL,Yes,Yes,UPI,Yes,4,3,111.01,Yes
344,20,Male,8,100.8,Month-to-Month,None,No,Yes,Credit Card,Yes,1,7,806.4,No
345,34,Male,29,41.61,One Year,Fiber,Yes,No,UPI,Yes,4,10,1206.69,No
346,50,Male,5,66.66,Month-to-Month,DSL,Yes,Yes,Bank Transfer,No,0,3,333.3,No
347,65,Female,47,101.67,Month-to-Month,None,Yes,No,Credit Card,Yes,3,5,4778.49,No
348,29,Male,34,26.74,One Year,Fiber,Yes,No,Credit Card,No,0,7,909.16,No
349,68,Male,65,58.74,One Year,Fiber,Yes,Yes,Bank Transfer,Yes,0,3,3818.1,No
350,39,Female,55,105.18,Month-to-Month,None,No,No,UPI,Yes,1,10,5784.9,No
351,39,Female,43,60.39,One Year,None,No,No,Bank Transfer,No,0,2,2596.77,No
352,63,Female,30,27.76,One Year,DSL,No,Yes,Bank Transfer,Yes,3,6,832.8,No
353,47,Female,17,74.25,Month-to-Month,Fiber,No,Yes,UPI,No,4,8,1262.25,No
354,55,Male,26,106.17,Two Year,Fiber,Yes,No,Bank Transfer,Yes,3,4,2760.42,No
355,55,Male,8,79.03,One Year,Fiber,No,No,UPI,Yes,1,9,632.24,No
356,62,Male,47,42.63,One Year,None,Yes,Yes,UPI,Yes,3,8,2003.61,No
357,68,Male,46,58.42,One Year,DSL,No,No,Bank Transfer,Yes,2,7,2687.32,No
358,25,Female,68,65.01,Month-to-Month,Fiber,No,No,UPI,Yes,4,7,4420.68,No
359,44,Male,33,77.93,Month-to-Month,None,No,Yes,Bank Transfer,No,2,3,2571.69,No
360,44,Male,1,95.94,Month-to-Month,Fiber,No,Yes,UPI,No,2,6,95.94,No
361,51,Female,19,29.89,Month-to-Month,DSL,Yes,Yes,Credit Card,Yes,5,5,567.91,No
362,38,Male,31,108.97,Month-to-Month,Fiber,No,Yes,UPI,Yes,1,1,3378.07,No
363,47,Male,14,21.23,Two Year,DSL,No,Yes,UPI,No,0,3,297.22,No
364,50,Male,53,57.01,One Year,DSL,Yes,Yes,Bank Transfer,No,2,1,3021.53,No
365,45,Male,48,22.74,One Year,Fiber,Yes,No,UPI,Yes,3,4,1091.52,No
366,64,Male,69,59.3,Two Year,Fiber,No,No,Credit Card,Yes,0,10,4091.7,No
367,50,Male,62,72.58,One Year,DSL,Yes,Yes,Credit Card,No,3,3,4499.96,No
368,22,Female,66,71.17,Month-to-Month,None,Yes,Yes,UPI,Yes,3,4,4697.22,Yes
369,65,Female,64,36.56,Month-to-Month,DSL,Yes,No,UPI,No,0,9,2339.84,No
370,36,Male,70,84.57,Month-to-Month,Fiber,No,No,Credit Card,Yes,0,3,5919.9,No
371,21,Male,63,24.48,One Year,Fiber,Yes,No,Bank Transfer,No,3,6,1542.24,No
372,52,Female,33,96.19,Month-to-Month,None,No,Yes,Credit Card,No,1,6,3174.27,No
373,66,Male,41,114.66,One Year,DSL,No,Yes,Credit Card,Yes,4,7,4701.06,No
374,34,Male,48,53.98,Month-to-Month,DSL,No,No,UPI,No,5,9,2591.04,No
375,61,Male,13,71.72,One Year,DSL,No,Yes,UPI,Yes,4,7,932.36,No
376,45,Female,31,57.89,One Year,Fiber,Yes,Yes,Credit Card,Yes,1,1,1794.59,No
377,47,Male,68,20.67,One Year,DSL,No,Yes,Bank Transfer,Yes,5,8,1405.56,No
378,46,Female,4,58.59,Two Year,None,Yes,No,Credit Card,Yes,0,5,234.36,No
379,63,Male,19,99.17,One Year,Fiber,No,No,Credit Card,No,5,9,1884.23,No
380,23,Female,70,79.6,Two Year,Fiber,Yes,Yes,Bank Transfer,Yes,3,10,5572.0,No
381,52,Female,13,30.13,Two Year,DSL,No,Yes,Credit Card,Yes,4,5,391.69,No
382,58,Male,23,104.71,One Year,None,Yes,Yes,Credit Card,Yes,5,5,2408.33,No
383,54,Female,1,73.11,One Year,Fiber,No,Yes,UPI,Yes,3,2,73.11,No
384,41,Male,54,104.17,Month-to-Month,Fiber,No,Yes,Bank Transfer,No,1,3,5625.18,No
385,46,Female,71,78.02,Month-to-Month,DSL,Yes,No,UPI,Yes,5,10,5539.42,No
386,66,Male,15,75.97,Month-to-Month,DSL,No,Yes,UPI,No,3,9,1139.55,No
387,63,Male,65,30.53,Month-to-Month,None,No,Yes,Bank Transfer,No,1,7,1984.45,No
388,48,Female,71,36.74,Month-to-Month,DSL,No,Yes,Bank Transfer,No,0,1,2608.54,No
389,52,Male,15,117.2,Two Year,None,Yes,No,Credit Card,Yes,1,3,1758.0,No
390,50,Male,21,42.85,Two Year,Fiber,No,No,UPI,Yes,1,2,899.85,No
391,69,Female,19,117.75,One Year,None,No,Yes,Bank Transfer,Yes,4,1,2237.25,No
392,38,Male,60,73.19,Month-to-Month,None,Yes,No,UPI,Yes,3,9,4391.4,No
393,49,Male,33,33.58,Month-to-Month,None,Yes,No,UPI,No,5,8,1108.14,No
394,40,Female,49,29.93,Month-to-Month,Fiber,Yes,No,Bank Transfer,No,4,5,1466.57,No
395,50,Female,35,40.89,Month-to-Month,DSL,Yes,No,Credit Card,Yes,2,2,1431.15,No
396,20,Male,44,112.56,Month-to-Month,Fiber,Yes,No,UPI,Yes,1,1,4952.64,No
397,35,Male,11,61.42,Month-to-Month,DSL,No,No,Bank Transfer,Yes,2,7,675.62,No
398,42,Female,66,59.54,Two Year,None,No,Yes,Credit Card,Yes,4,2,3929.64,No
399,59,Female,46,51.32,One Year,None,No,No,UPI,Yes,3,1,2360.72,No
400,48,Male,9,34.71,Month-to-Month,None,Yes,No,Bank Transfer,Yes,4,2,312.39,Yes
401,20,Female,3,68.79,Month-to-Month,None,No,Yes,UPI,Yes,3,7,206.37,No
402,57,Male,26,33.0,Month-to-Month,None,Yes,Yes,Bank Transfer,No,3,7,858.0,No
403,63,Male,48,103.55,Month-to-Month,DSL,Yes,Yes,Bank Transfer,No,0,10,4970.4,No
404,41,Male,66,57.04,Two Year,DSL,No,Yes,UPI,No,1,6,3764.64,No
405,67,Male,70,57.48,Month-to-Month,None,Yes,No,UPI,No,4,5,4023.6,No
406,49,Male,28,67.4,Month-to-Month,Fiber,Yes,No,Bank Transfer,Yes,3,3,1887.2,Yes
407,64,Female,26,64.41,Month-to-Month,Fiber,No,No,Credit Card,Yes,4,3,1674.66,Yes
408,39,Female,25,119.49,Month-to-Month,None,Yes,No,UPI,Yes,4,9,2987.25,No
409,40,Female,12,74.54,One Year,DSL,Yes,Yes,Bank Transfer,Yes,3,4,894.48,No
410,19,Female,5,28.82,One Year,Fiber,No,No,Bank Transfer,Yes,5,9,144.1,No
411,44,Male,48,80.69,One Year,Fiber,Yes,No,Credit Card,No,2,4,3873.12,No
412,59,Male,37,35.16,Month-to-Month,Fiber,Yes,Yes,Credit Card,Yes,1,2,1300.92,No
413,19,Male,44,23.09,Month-to-Month,None,No,No,Credit Card,No,1,4,1015.96,No
414,43,Male,15,117.07,Month-to-Month,Fiber,No,No,UPI,Yes,5,6,1756.05,No
415,34,Female,43,97.35,Two Year,Fiber,No,No,Bank Transfer,No,0,6,4186.05,No
416,57,Male,48,118.01,Month-to-Month,Fiber,No,No,Bank Transfer,Yes,5,5,5664.48,No
417,50,Male,70,67.79,Month-to-Month,Fiber,Yes,Yes,Bank Transfer,No,0,1,4745.3,No
418,26,Female,46,73.23,One Year,DSL,Yes,Yes,Credit Card,Yes,0,3,3368.58,No
419,60,Female,43,36.83,One Year,None,No,Yes,Bank Transfer,Yes,5,5,1583.69,No
420,65,Female,21,44.69,Month-to-Month,None,Yes,Yes,UPI,Yes,1,6,938.49,No
421,56,Female,23,103.85,Month-to-Month,DSL,Yes,Yes,Credit Card,Yes,2,1,2388.55,No
422,46,Male,47,55.62,Month-to-Month,DSL,No,No,Credit Card,No,1,9,2614.14,No
423,59,Male,15,102.68,Two Year,None,No,No,Credit Card,Yes,1,3,1540.2,No
424,43,Female,25,90.9,Month-to-Month,Fiber,Yes,Yes,Credit Card,No,1,10,2272.5,No
425,52,Male,36,37.72,Two Year,Fiber,No,Yes,UPI,Yes,5,3,1357.92,No
426,67,Male,51,70.74,Month-to-Month,None,No,Yes,Bank Transfer,No,5,2,3607.74,Yes
427,42,Male,15,87.74,Two Year,Fiber,No,No,UPI,Yes,5,8,1316.1,No
428,41,Female,68,43.5,One Year,DSL,Yes,Yes,Bank Transfer,Yes,1,3,2958.0,No
429,30,Male,21,103.07,Month-to-Month,Fiber,No,No,UPI,No,2,6,2164.47,No
430,24,Female,13,74.48,Two Year,Fiber,Yes,No,Credit Card,Yes,0,2,968.24,No
431,53,Male,19,36.52,Month-to-Month,Fiber,Yes,No,Credit Card,Yes,4,7,693.88,No
432,62,Male,34,78.3,Two Year,None,Yes,No,UPI,No,0,4,2662.2,No
433,37,Male,68,119.97,One Year,DSL,No,Yes,UPI,Yes,0,9,8157.96,No
434,18,Female,52,35.05,Month-to-Month,Fiber,No,No,Bank Transfer,No,4,10,1822.6,No
435,25,Male,27,101.68,One Year,None,No,No,UPI,Yes,1,9,2745.36,No
436,63,Female,29,40.73,Two Year,Fiber,No,Yes,UPI,No,2,7,1181.17,No
437,33,Female,28,98.24,Month-to-Month,DSL,No,No,Bank Transfer,No,2,8,2750.72,No
438,31,Female,35,93.46,Month-to-Month,Fiber,Yes,No,Bank Transfer,No,0,3,3271.1,No
439,29,Male,8,50.05,One Year,DSL,Yes,No,Bank Transfer,No,4,5,400.4,No
440,68,Male,16,52.58,One Year,Fiber,Yes,Yes,UPI,Yes,3,2,841.28,No
441,40,Male,36,99.25,Month-to-Month,DSL,No,No,Bank Transfer,Yes,1,10,3573.0,No
442,32,Male,30,66.14,Month-to-Month,Fiber,Yes,No,Credit Card,No,0,7,1984.2,No
443,45,Female,18,93.08,Month-to-Month,DSL,Yes,Yes,Credit Card,Yes,2,8,1675.44,No
444,51,Female,2,34.8,Month-to-Month,Fiber,No,Yes,Credit Card,Yes,5,9,69.6,No
445,19,Female,49,105.26,Month-to-Month,Fiber,No,No,UPI,Yes,5,7,5157.74,No
446,49,Male,4,91.09,Two Year,None,Yes,No,Credit Card,No,4,10,364.36,No
447,40,Female,7,110.69,Month-to-Month,None,Yes,Yes,UPI,Yes,4,10,774.83,No
448,39,Male,39,33.24,One Year,DSL,No,No,UPI,Yes,0,8,1296.36,No
449,68,Female,13,79.3,Month-to-Month,Fiber,No,Yes,Credit Card,No,3,9,1030.9,No
450,42,Male,31,79.91,Month-to-Month,DSL,No,No,Bank Transfer,Yes,2,6,2477.21,No
451,39,Male,71,55.35,Month-to-Month,None,No,Yes,UPI,No,0,10,3929.85,No
452,39,Female,63,65.85,Month-to-Month,DSL,Yes,No,Credit Card,No,3,2,4148.55,Yes
453,66,Female,56,23.8,One Year,DSL,Yes,Yes,UPI,No,4,2,1332.8,No
454,69,Female,42,94.59,Two Year,None,No,Yes,Bank Transfer,Yes,5,4,3972.78,No
455,59,Female,61,74.93,One Year,Fiber,Yes,Yes,Bank Transfer,Yes,1,9,4570.73,No
456,23,Male,42,25.77,Two Year,DSL,Yes,Yes,Credit Card,No,5,7,1082.34,No
457,32,Female,56,88.08,Two Year,None,No,Yes,UPI,No,2,2,4932.48,No
458,60,Female,36,66.68,Month-to-Month,Fiber,Yes,No,UPI,No,2,8,2400.48,No
459,54,Female,68,23.45,One Year,None,Yes,No,UPI,No,5,7,1594.6,No
460,50,Male,7,116.96,One Year,DSL,Yes,Yes,UPI,No,5,9,818.72,No
461,25,Male,54,114.91,Month-to-Month,Fiber,No,No,Credit Card,No,3,8,6205.14,No
462,61,Female,1,71.29,One Year,Fiber,No,No,Bank Transfer,Yes,0,3,71.29,No
463,61,Male,44,29.37,Month-to-Month,None,Yes,No,Credit Card,No,4,1,1292.28,Yes
464,22,Female,45,95.46,Month-to-Month,None,No,No,UPI,No,3,2,4295.7,Yes
465,56,Male,47,69.19,One Year,None,No,No,UPI,No,1,2,3251.93,No
466,21,Male,13,50.24,Month-to-Month,Fiber,No,No,Bank Transfer,Yes,5,4,653.12,Yes
467,23,Male,22,69.14,Month-to-Month,Fiber,Yes,Yes,UPI,Yes,1,6,1521.08,No
468,62,Male,21,72.24,Two Year,DSL,Yes,No,Credit Card,Yes,1,4,1517.04,No
469,49,Female,9,76.27,One Year,Fiber,No,No,Credit Card,Yes,3,9,686.43,No
470,69,Female,26,64.12,Month-to-Month,DSL,Yes,No,Bank Transfer,No,4,4,1667.12,Yes
471,47,Female,9,80.58,One Year,None,Yes,Yes,Credit Card,Yes,2,6,725.22,No
472,64,Male,15,111.87,Month-to-Month,None,Yes,No,Credit Card,No,0,6,1678.05,No
473,52,Female,10,56.23,Month-to-Month,Fiber,Yes,No,Credit Card,No,2,10,562.3,No
474,57,Female,42,92.57,Two Year,None,Yes,No,Credit Card,No,4,10,3887.94,No
475,69,Female,24,109.45,One Year,None,No,Yes,UPI,No,2,1,2626.8,No
476,33,Male,49,65.6,Month-to-Month,Fiber,Yes,No,Credit Card,No,5,8,3214.4,No
477,30,Male,26,64.35,One Year,DSL,Yes,Yes,Bank Transfer,No,5,3,1673.1,No
478,67,Male,37,80.21,Two Year,Fiber,Yes,No,Bank Transfer,Yes,3,6,2967.77,No
479,59,Female,68,79.14,Month-to-Month,DSL,No,Yes,Credit Card,Yes,1,3,5381.52,No
480,47,Female,50,100.66,Month-to-Month,Fiber,No,Yes,Bank Transfer,Yes,4,2,5033.0,Yes
481,36,Female,24,67.65,Month-to-Month,Fiber,No,Yes,Credit Card,Yes,4,5,1623.6,No
482,34,Male,19,119.61,One Year,None,Yes,No,Bank Transfer,Yes,2,1,2272.59,No
483,36,Male,60,25.95,One Year,Fiber,No,Yes,Bank Transfer,No,3,9,1557.0,No
484,45,Female,39,20.32,One Year,Fiber,No,Yes,Credit Card,Yes,2,7,792.48,No
485,43,Male,18,84.02,Two Year,DSL,No,Yes,Credit Card,Yes,2,3,1512.36,No
486,54,Male,19,49.84,One Year,None,No,Yes,UPI,Yes,4,4,946.96,No
487,43,Male,36,44.04,Month-to-Month,DSL,Yes,No,Credit Card,No,2,6,1585.44,No
488,40,Male,55,51.19,Month-to-Month,DSL,No,No,Credit Card,No,1,3,2815.45,No
489,26,Female,69,45.6,Month-to-Month,None,No,No,UPI,No,2,7,3146.4,No
490,29,Male,47,23.08,Month-to-Month,None,Yes,No,Credit Card,Yes,1,6,1084.76,No
491,18,Male,49,117.15,One Year,None,Yes,Yes,Credit Card,Yes,4,9,5740.35,No
492,18,Male,33,42.07,Two Year,Fiber,No,No,UPI,Yes,3,5,1388.31,No
493,64,Male,21,93.4,Month-to-Month,None,Yes,Yes,Credit Card,Yes,5,4,1961.4,Yes
494,51,Female,22,96.26,Month-to-Month,None,No,No,Credit Card,Yes,1,3,2117.72,No
495,49,Female,48,112.93,One Year,None,Yes,No,UPI,No,3,10,5420.64,No
496,65,Male,37,23.05,Month-to-Month,DSL,Yes,No,UPI,Yes,3,1,852.85,Yes
497,42,Male,15,107.2,Month-to-Month,DSL,No,Yes,Bank Transfer,No,1,3,1608.0,No
498,57,Male,35,72.72,Month-to-Month,Fiber,Yes,No,Credit Card,Yes,4,3,2545.2,Yes
499,62,Male,71,83.25,Month-to-Month,DSL,No,No,Bank Transfer,No,0,7,5910.75,No
500,18,Male,32,84.45,Two Year,Fiber,Yes,No,Bank Transfer,No,3,7,2702.4,No
501,33,Male,11,101.98,Month-to-Month,DSL,No,Yes,UPI,No,3,1,1121.78,Yes
502,56,Female,10,53.34,Month-to-Month,None,Yes,No,Credit Card,No,4,3,533.4,Yes
503,22,Male,57,93.31,Month-to-Month,DSL,Yes,No,Credit Card,Yes,4,8,5318.67,No
504,39,Female,25,72.86,Two Year,Fiber,Yes,Yes,UPI,Yes,2,9,1821.5,No
505,46,Female,2,99.34,Month-to-Month,DSL,Yes,Yes,Bank Transfer,Yes,4,7,198.68,No
506,20,Male,64,119.05,Month-to-Month,None,Yes,No,UPI,No,3,7,7619.2,No
507,29,Female,35,40.07,Month-to-Month,Fiber,No,No,Credit Card,Yes,1,8,1402.45,No
508,43,Female,7,119.46,Month-to-Month,None,Yes,No,UPI,Yes,0,6,836.22,No
509,33,Female,18,28.98,Month-to-Month,None,No,Yes,Credit Card,Yes,2,3,521.64,No
510,68,Female,67,20.23,One Year,Fiber,No,Yes,Bank Transfer,Yes,1,1,1355.41,No
511,54,Female,42,24.42,Month-to-Month,None,No,Yes,Credit Card,No,0,7,1025.64,No
512,39,Female,39,54.18,Month-to-Month,None,Yes,No,Bank Transfer,No,0,1,2113.02,No
513,46,Male,41,83.29,One Year,DSL,No,Yes,Bank Transfer,Yes,0,1,3414.89,No
514,31,Female,24,26.9,Month-to-Month,None,Yes,No,Credit Card,Yes,5,9,645.6,No
515,45,Female,60,20.57,Month-to-Month,None,No,Yes,Credit Card,Yes,1,10,1234.2,No
516,22,Female,46,113.71,Month-to-Month,None,No,Yes,Bank Transfer,No,2,7,5230.66,No
517,64,Male,19,102.19,Two Year,None,No,Yes,UPI,No,2,4,1941.61,No
518,66,Female,68,100.92,Month-to-Month,Fiber,No,No,Credit Card,No,0,6,6862.56,No
519,47,Male,42,108.44,Two Year,DSL,No,No,Bank Transfer,Yes,1,1,4554.48,No
520,63,Female,32,90.0,One Year,None,Yes,No,Bank Transfer,No,5,7,2880.0,No
521,69,Male,39,30.44,Month-to-Month,None,No,No,UPI,No,0,6,1187.16,No
522,22,Male,36,59.91,Two Year,Fiber,No,Yes,Credit Card,No,4,4,2156.76,No
523,29,Female,36,92.31,Month-to-Month,None,Yes,No,Bank Transfer,No,2,7,3323.16,No
524,33,Female,3,48.03,Month-to-Month,Fiber,Yes,Yes,UPI,No,3,3,144.09,Yes
525,43,Male,8,88.74,One Year,DSL,Yes,No,Bank Transfer,Yes,0,1,709.92,No
526,43,Female,70,22.45,One Year,DSL,No,No,Credit Card,Yes,4,4,1571.5,No
527,65,Male,41,50.61,One Year,None,No,Yes,UPI,Yes,2,3,2075.01,No
528,38,Male,68,74.91,Month-to-Month,None,No,Yes,Bank Transfer,Yes,5,1,5093.88,Yes
529,56,Male,13,83.21,Month-to-Month,None,No,No,UPI,No,1,2,1081.73,No
530,53,Male,49,77.7,One Year,Fiber,No,No,Credit Card,Yes,2,5,3807.3,No
531,50,Male,60,89.78,Month-to-Month,None,No,Yes,UPI,Yes,1,8,5386.8,No
532,47,Female,2,20.61,Month-to-Month,None,Yes,Yes,Credit Card,Yes,1,1,41.22,No
533,54,Male,60,30.09,Month-to-Month,DSL,Yes,Yes,Bank Transfer,No,5,4,1805.4,Yes
534,40,Male,5,106.89,Month-to-Month,None,No,Yes,Credit Card,Yes,5,4,534.45,Yes
535,27,Female,44,88.17,Two Year,DSL,No,Yes,Bank Transfer,No,0,5,3879.48,No
536,22,Male,27,31.29,Month-to-Month,None,No,No,Bank Transfer,No,0,7,844.83,No
537,53,Female,32,104.21,Two Year,DSL,No,No,Credit Card,No,2,8,3334.72,No
538,51,Female,21,44.22,Month-to-Month,None,No,No,Bank Transfer,Yes,5,6,928.62,No
539,69,Female,8,67.83,One Year,DSL,Yes,No,UPI,No,4,1,542.64,No
540,48,Male,50,34.52,Month-to-Month,Fiber,Yes,Yes,Bank Transfer,Yes,2,7,1726.0,No
541,27,Male,67,91.01,Month-to-Month,DSL,No,Yes,Credit Card,Yes,3,3,6097.67,Yes
542,36,Male,44,86.69,Month-to-Month,DSL,Yes,Yes,UPI,Yes,1,6,3814.36,No
543,49,Female,58,41.11,Month-to-Month,DSL,No,No,UPI,No,1,8,2384.38,No
544,18,Male,3,106.34,Month-to-Month,None,No,Yes,Bank Transfer,No,0,7,319.02,No
545,22,Female,70,60.13,Two Year,None,No,Yes,Bank Transfer,Yes,4,10,4209.1,No
546,62,Male,2,49.25,One Year,None,Yes,No,Credit Card,No,5,6,98.5,No
547,21,Female,44,35.23,Month-to-Month,Fiber,Yes,No,UPI,No,5,9,1550.12,No
548,33,Male,2,46.62,Month-to-Month,Fiber,No,No,Credit Card,No,0,9,93.24,No
549,41,Male,35,22.2,Month-to-Month,DSL,Yes,Yes,Bank Transfer,Yes,3,1,777.0,Yes
550,33,Male,30,78.33,Month-to-Month,Fiber,Yes,Yes,UPI,No,2,1,2349.9,No
551,19,Female,8,104.22,One Year,DSL,No,No,Credit Card,No,2,1,833.76,No
552,66,Female,22,74.9,Two Year,DSL,Yes,No,Credit Card,Yes,4,8,1647.8,No
553,45,Male,44,41.93,Month-to-Month,DSL,Yes,Yes,Credit Card,No,0,10,1844.92,No
554,49,Male,58,23.37,Month-to-Month,Fiber,No,No,Credit Card,Yes,0,7,1355.46,No
555,44,Female,36,41.46,Month-to-Month,None,No,Yes,Credit Card,No,3,3,1492.56,Yes
556,37,Female,69,61.61,One Year,Fiber,Yes,No,UPI,No,2,2,4251.09,No
557,41,Female,31,95.96,Month-to-Month,DSL,No,No,Credit Card,No,0,4,2974.76,No
558,29,Male,47,38.78,One Year,DSL,Yes,No,UPI,No,5,3,1822.66,No
559,67,Female,55,91.98,One Year,Fiber,No,Yes,Credit Card,No,4,7,5058.9,No
560,52,Male,62,106.69,Month-to-Month,DSL,No,Yes,Bank Transfer,No,2,10,6614.78,No
561,50,Female,30,65.39,One Year,DSL,No,No,Bank Transfer,Yes,3,8,1961.7,No
562,50,Male,55,102.14,Month-to-Month,Fiber,No,Yes,Credit Card,No,4,6,5617.7,No
563,68,Female,16,75.47,One Year,Fiber,Yes,No,Bank Transfer,No,1,3,1207.52,No
564,60,Female,12,83.71,Month-to-Month,Fiber,No,No,UPI,No,5,6,1004.52,No
565,54,Female,17,72.63,Month-to-Month,DSL,No,Yes,Credit Card,Yes,3,2,1234.71,Yes
566,29,Female,16,66.32,Two Year,DSL,No,Yes,UPI,Yes,4,7,1061.12,No
567,20,Female,12,43.47,Two Year,None,Yes,Yes,Credit Card,Yes,0,10,521.64,No
568,18,Male,8,50.32,One Year,None,Yes,Yes,Bank Transfer,No,1,7,402.56,No
569,50,Female,3,49.0,Month-to-Month,Fiber,No,No,UPI,No,3,4,147.0,Yes
570,57,Female,16,76.33,One Year,None,No,Yes,Bank Transfer,Yes,0,8,1221.28,No
571,27,Female,30,32.0,Month-to-Month,DSL,No,Yes,Bank Transfer,Yes,5,4,960.0,Yes
572,60,Male,23,111.68,Two Year,None,No,No,Credit Card,Yes,1,7,2568.64,No
573,61,Female,5,92.07,Month-to-Month,DSL,No,No,UPI,No,2,4,460.35,No
574,46,Male,65,60.14,Two Year,Fiber,No,No,Bank Transfer,Yes,0,5,3909.1,No
575,30,Female,30,35.86,Two Year,Fiber,Yes,No,Credit Card,No,4,7,1075.8,No
576,29,Female,21,108.2,One Year,DSL,No,Yes,Credit Card,No,3,10,2272.2,No
577,48,Male,70,102.38,Month-to-Month,None,No,Yes,Credit Card,No,1,3,7166.6,No
578,63,Female,22,92.17,Month-to-Month,Fiber,No,No,Bank Transfer,Yes,0,10,2027.74,No
579,19,Male,32,47.15,Two Year,Fiber,No,No,Credit Card,No,2,5,1508.8,No
580,68,Male,33,60.24,Month-to-Month,None,No,Yes,UPI,Yes,3,3,1987.92,Yes
581,67,Female,16,30.27,Two Year,None,No,Yes,UPI,Yes,3,5,484.32,No
582,52,Male,38,38.9,Month-to-Month,DSL,Yes,Yes,Bank Transfer,Yes,0,3,1478.2,No
583,40,Female,14,98.3,Month-to-Month,None,Yes,Yes,UPI,Yes,2,10,1376.2,No
584,34,Female,36,91.5,Two Year,None,Yes,Yes,Credit Card,No,5,7,3294.0,No
585,43,Male,23,79.35,One Year,None,Yes,No,Bank Transfer,No,5,1,1825.05,No
586,25,Male,66,109.57,Month-to-Month,DSL,Yes,No,Credit Card,No,1,9,7231.62,No
587,46,Male,2,78.33,Month-to-Month,DSL,Yes,No,Bank Transfer,No,0,9,156.66,No
588,43,Male,65,66.7,Month-to-Month,Fiber,No,No,Bank Transfer,Yes,1,5,4335.5,No
589,27,Female,67,54.04,One Year,DSL,No,Yes,Credit Card,Yes,5,9,3620.68,No
590,43,Female,52,114.04,Month-to-Month,Fiber,No,No,UPI,Yes,3,10,5930.08,No
591,51,Male,62,28.27,Two Year,None,No,Yes,UPI,Yes,1,6,1752.74,No
592,68,Female,23,113.09,Two Year,Fiber,No,Yes,Bank Transfer,No,2,5,2601.07,No
593,58,Female,26,102.67,Month-to-Month,Fiber,No,Yes,Credit Card,Yes,4,3,2669.42,Yes
594,24,Female,68,32.99,One Year,None,Yes,Yes,Credit Card,No,5,8,2243.32,No
595,21,Female,55,76.5,Month-to-Month,Fiber,No,Yes,Bank Transfer,Yes,5,4,4207.5,Yes
596,67,Male,6,106.65,Month-to-Month,DSL,Yes,Yes,UPI,Yes,2,10,639.9,No
597,62,Male,35,77.18,Two Year,DSL,Yes,Yes,Credit Card,Yes,1,3,2701.3,No
598,28,Female,22,110.72,Month-to-Month,DSL,No,No,UPI,Yes,0,6,2435.84,No
599,46,Male,43,114.3,Month-to-Month,DSL,No,Yes,UPI,No,3,8,4914.9,No
600,53,Male,15,62.24,Month-to-Month,Fiber,No,No,Bank Transfer,No,4,9,933.6,No
601,42,Male,60,57.73,Month-to-Month,Fiber,No,No,Bank Transfer,No,0,6,3463.8,No
602,38,Female,12,113.63,Month-to-Month,None,No,Yes,UPI,No,0,5,1363.56,No
603,53,Female,49,87.51,One Year,Fiber,No,Yes,Credit Card,Yes,2,2,4287.99,No
604,27,Female,42,31.6,One Year,Fiber,No,No,Credit Card,Yes,1,2,1327.2,No
605,54,Male,38,24.23,One Year,Fiber,Yes,No,Bank Transfer,No,5,9,920.74,No
606,26,Female,45,76.46,Month-to-Month,None,No,No,UPI,No,5,2,3440.7,Yes
607,41,Female,35,113.02,Month-to-Month,DSL,No,No,Credit Card,Yes,2,2,3955.7,No
608,52,Male,30,104.42,Month-to-Month,Fiber,Yes,Yes,Credit Card,Yes,1,3,3132.6,No
609,66,Female,30,87.58,Month-to-Month,None,No,Yes,Bank Transfer,No,2,3,2627.4,No
610,52,Female,6,33.91,Month-to-Month,None,No,Yes,UPI,No,5,4,203.46,Yes
611,65,Male,67,45.42,Month-to-Month,None,Yes,No,Credit Card,No,0,7,3043.14,No
612,53,Male,7,107.55,Month-to-Month,DSL,No,Yes,Bank Transfer,Yes,3,9,752.85,No
613,35,Male,52,38.28,Month-to-Month,Fiber,No,No,Credit Card,No,1,2,1990.56,No
614,66,Female,14,47.84,Two Year,None,No,Yes,Credit Card,No,4,4,669.76,No
615,56,Female,15,32.96,Two Year,DSL,No,No,Credit Card,No,4,9,494.4,No
616,49,Female,21,87.61,One Year,None,No,Yes,Bank Transfer,No,0,2,1839.81,No
617,41,Male,35,114.4,Two Year,None,No,Yes,UPI,No,2,10,4004.0,No
618,40,Male,66,46.9,One Year,None,Yes,No,Bank Transfer,Yes,2,1,3095.4,No
619,49,Female,2,67.54,Month-to-Month,None,No,No,UPI,No,5,10,135.08,No
620,54,Female,35,83.43,Month-to-Month,None,No,No,Credit Card,Yes,0,8,2920.05,No
621,29,Male,20,119.95,One Year,DSL,Yes,No,UPI,No,5,9,2399.0,No
622,66,Male,10,30.48,One Year,Fiber,Yes,No,Credit Card,No,5,7,304.8,No
623,30,Male,25,69.86,One Year,Fiber,No,Yes,Credit Card,No,4,8,1746.5,No
624,40,Male,66,58.51,One Year,Fiber,Yes,No,Bank Transfer,Yes,5,4,3861.66,No
625,42,Female,25,106.58,Month-to-Month,Fiber,No,Yes,Credit Card,Yes,5,4,2664.5,Yes
626,52,Male,54,67.6,One Year,DSL,No,Yes,Bank Transfer,Yes,4,2,3650.4,No
627,58,Female,33,31.1,Two Year,DSL,Yes,Yes,UPI,No,2,8,1026.3,No
628,47,Female,36,83.44,Month-to-Month,DSL,No,Yes,UPI,No,1,2,3003.84,No
629,34,Female,14,97.08,One Year,None,No,Yes,Credit Card,Yes,3,9,1359.12,No
630,66,Male,65,20.29,Month-to-Month,None,Yes,No,Bank Transfer,Yes,5,4,1318.85,Yes
631,37,Male,54,105.9,One Year,None,Yes,No,Credit Card,No,1,1,5718.6,No
632,65,Male,52,38.6,One Year,Fiber,Yes,Yes,Bank Transfer,Yes,4,4,2007.2,No
633,42,Male,3,75.21,Month-to-Month,None,Yes,Yes,Bank Transfer,No,1,3,225.63,No
634,39,Female,41,61.58,One Year,Fiber,No,No,Bank Transfer,Yes,3,6,2524.78,No
635,30,Male,6,91.97,Month-to-Month,None,Yes,No,UPI,Yes,1,7,551.82,No
636,36,Male,25,57.12,One Year,Fiber,Yes,Yes,Bank Transfer,Yes,1,8,1428.0,No
637,66,Female,13,106.98,Month-to-Month,None,Yes,No,UPI,No,1,2,1390.74,No
638,53,Male,8,93.05,One Year,None,Yes,No,Bank Transfer,No,1,6,744.4,No
639,29,Female,21,84.77,Month-to-Month,DSL,Yes,No,UPI,Yes,0,6,1780.17,No
640,58,Female,68,99.62,One Year,None,No,Yes,UPI,No,5,10,6774.16,No
641,36,Female,25,95.4,Month-to-Month,None,Yes,No,UPI,No,4,5,2385.0,No
642,29,Female,68,23.59,Two Year,DSL,No,Yes,Credit Card,No,3,10,1604.12,No
643,26,Female,45,59.47,Two Year,Fiber,Yes,Yes,Bank Transfer,No,4,10,2676.15,No
644,24,Female,60,113.08,Two Year,DSL,Yes,Yes,Credit Card,Yes,0,7,6784.8,No
645,45,Female,12,32.57,One Year,DSL,Yes,Yes,Bank Transfer,No,0,3,390.84,No
646,31,Female,32,93.71,One Year,Fiber,Yes,Yes,Bank Transfer,No,0,4,2998.72,No
647,48,Male,13,117.46,Month-to-Month,None,Yes,No,Credit Card,Yes,5,10,1526.98,No
648,69,Male,31,25.22,Month-to-Month,Fiber,Yes,Yes,UPI,No,0,9,781.82,No
649,36,Male,20,88.22,Month-to-Month,None,Yes,Yes,Bank Transfer,No,1,4,1764.4,No
650,64,Male,18,66.82,One Year,None,Yes,Yes,UPI,No,4,3,1202.76,No
651,33,Female,60,77.92,Two Year,Fiber,No,No,Credit Card,Yes,2,2,4675.2,No
652,22,Male,63,28.53,Month-to-Month,DSL,Yes,No,UPI,Yes,3,5,1797.39,No
653,52,Female,6,24.3,Two Year,Fiber,No,No,Bank Transfer,No,0,4,145.8,No
654,29,Male,32,86.69,One Year,None,Yes,No,Bank Transfer,No,4,8,2774.08,No
655,42,Male,43,102.33,One Year,Fiber,No,No,Bank Transfer,Yes,0,7,4400.19,No
656,69,Male,2,98.2,Month-to-Month,Fiber,Yes,No,Credit Card,Yes,5,6,196.4,No
657,38,Female,60,74.38,Month-to-Month,None,Yes,No,Bank Transfer,Yes,0,2,4462.8,No
658,53,Male,23,29.99,Month-to-Month,DSL,Yes,Yes,Credit Card,No,0,3,689.77,No
659,40,Female,31,88.8,One Year,Fiber,No,Yes,UPI,No,0,10,2752.8,No
660,33,Female,5,44.19,Month-to-Month,None,No,No,Bank Transfer,Yes,0,9,220.95,No
661,56,Male,34,111.11,Month-to-Month,None,No,Yes,Bank Transfer,No,3,9,3777.74,No
662,62,Male,10,103.83,Two Year,Fiber,No,Yes,Bank Transfer,No,4,5,1038.3,No
663,59,Male,2,90.94,One Year,DSL,Yes,No,UPI,No,5,3,181.88,No
664,56,Female,11,114.88,Two Year,Fiber,Yes,Yes,Bank Transfer,No,0,2,1263.68,No
665,31,Male,50,23.14,Month-to-Month,DSL,Yes,Yes,Credit Card,No,0,8,1157.0,No
666,48,Female,31,93.62,Month-to-Month,DSL,No,No,UPI,No,0,6,2902.22,No
667,22,Female,56,53.02,One Year,DSL,Yes,Yes,UPI,No,0,10,2969.12,No
668,52,Male,9,110.61,Month-to-Month,DSL,No,No,UPI,Yes,1,7,995.49,No
669,40,Male,21,46.67,Month-to-Month,Fiber,No,No,UPI,Yes,1,1,980.07,No
670,46,Female,28,92.49,Month-to-Month,None,No,Yes,UPI,Yes,2,1,2589.72,No
671,60,Female,62,107.76,Month-to-Month,None,No,Yes,Credit Card,Yes,0,10,6681.12,No
672,28,Female,7,24.17,Month-to-Month,None,No,Yes,UPI,Yes,2,2,169.19,No
673,35,Male,16,59.76,Month-to-Month,None,Yes,No,Bank Transfer,Yes,3,10,956.16,No
674,64,Female,4,96.23,Month-to-Month,None,No,No,UPI,Yes,2,3,384.92,No
675,29,Male,4,65.49,Month-to-Month,None,No,No,UPI,Yes,4,1,261.96,Yes
676,26,Female,40,46.73,One Year,Fiber,Yes,Yes,UPI,Yes,1,5,1869.2,No
677,27,Female,17,41.98,Month-to-Month,DSL,No,Yes,UPI,No,1,3,713.66,No
678,61,Male,52,33.15,One Year,None,No,No,UPI,No,0,1,1723.8,No
679,34,Female,52,105.71,Month-to-Month,Fiber,Yes,Yes,Credit Card,Yes,0,8,5496.92,No
680,55,Male,36,77.54,Month-to-Month,None,Yes,Yes,Credit Card,No,3,6,2791.44,No
681,24,Male,38,27.64,One Year,None,Yes,No,UPI,No,5,9,1050.32,No
682,63,Female,50,58.26,Month-to-Month,DSL,No,No,Credit Card,Yes,3,3,2913.0,Yes
683,30,Male,63,56.77,Month-to-Month,DSL,Yes,Yes,Bank Transfer,Yes,4,9,3576.51,No
684,57,Male,63,38.17,Month-to-Month,DSL,Yes,No,UPI,Yes,0,9,2404.71,No
685,59,Female,62,63.55,Two Year,None,Yes,Yes,Bank Transfer,No,0,1,3940.1,No
686,26,Male,7,53.21,Month-to-Month,None,No,No,Bank Transfer,No,3,3,372.47,Yes
687,67,Male,27,54.18,Month-to-Month,None,Yes,No,UPI,Yes,3,6,1462.86,No
688,44,Male,14,93.9,One Year,DSL,No,No,Bank Transfer,No,3,8,1314.6,No
689,19,Female,71,42.33,Month-to-Month,Fiber,No,Yes,Bank Transfer,No,1,4,3005.43,No
690,22,Male,5,84.19,Month-to-Month,None,Yes,Yes,Bank Transfer,No,2,5,420.95,No
691,46,Female,55,77.06,Month-to-Month,None,No,No,UPI,Yes,2,9,4238.3,No
692,54,Female,2,76.81,One Year,None,No,No,UPI,No,0,6,153.62,No
693,55,Male,62,86.3,Month-to-Month,Fiber,Yes,No,Bank Transfer,No,1,7,5350.6,No
694,36,Male,21,74.84,Month-to-Month,None,No,Yes,UPI,No,3,7,1571.64,No
695,25,Male,21,107.93,Month-to-Month,Fiber,Yes,No,UPI,No,0,4,2266.53,No
696,65,Female,10,87.56,One Year,None,No,No,Bank Transfer,No,1,4,875.6,No
697,62,Male,58,74.7,Month-to-Month,Fiber,No,No,UPI,No,4,4,4332.6,Yes
698,18,Male,39,102.98,Two Year,None,Yes,No,Credit Card,No,5,5,4016.22,No
699,39,Male,5,80.61,Month-to-Month,DSL,Yes,Yes,UPI,Yes,1,5,403.05,No
700,69,Male,65,49.11,Two Year,DSL,No,Yes,Credit Card,Yes,0,8,3192.15,No
701,34,Male,13,40.71,Two Year,DSL,No,No,Bank Transfer,No,2,9,529.23,No
702,24,Female,53,35.23,Month-to-Month,DSL,Yes,Yes,UPI,Yes,3,2,1867.19,Yes
703,42,Female,45,109.95,Month-to-Month,None,No,Yes,Bank Transfer,No,5,7,4947.75,No
704,62,Male,32,91.01,Month-to-Month,DSL,No,Yes,Bank Transfer,No,4,1,2912.32,Yes
705,21,Male,36,113.74,Month-to-Month,Fiber,No,No,Bank Transfer,No,5,1,4094.64,Yes
706,53,Male,60,80.33,One Year,DSL,No,Yes,Bank Transfer,Yes,5,4,4819.8,No
707,23,Male,11,67.34,Month-to-Month,DSL,Yes,Yes,Bank Transfer,No,1,10,740.74,No
708,48,Female,63,25.97,Month-to-Month,DSL,Yes,Yes,UPI,No,0,7,1636.11,No
709,36,Male,21,87.16,Month-to-Month,None,Yes,No,Credit Card,Yes,0,2,1830.36,No
710,61,Female,52,78.22,Two Year,DSL,Yes,No,UPI,Yes,5,2,4067.44,No
711,56,Female,55,119.02,Month-to-Month,Fiber,Yes,Yes,UPI,No,3,1,6546.1,Yes
712,44,Male,26,43.92,Month-to-Month,DSL,Yes,Yes,UPI,Yes,0,10,1141.92,No
713,27,Female,68,73.07,Month-to-Month,DSL,No,No,UPI,Yes,5,2,4968.76,Yes
714,43,Female,34,85.1,Two Year,DSL,Yes,No,Credit Card,No,0,7,2893.4,No
715,36,Female,52,84.46,One Year,Fiber,No,Yes,UPI,No,3,9,4391.92,No
716,56,Female,52,76.13,Month-to-Month,DSL,No,Yes,Bank Transfer,No,4,6,3958.76,No
717,20,Male,29,97.69,Month-to-Month,Fiber,No,No,UPI,Yes,5,10,2833.01,No
718,62,Male,38,40.5,Month-to-Month,Fiber,Yes,No,UPI,Yes,2,2,1539.0,No
719,30,Female,42,92.56,Month-to-Month,DSL,No,Yes,Credit Card,Yes,2,10,3887.52,No
720,67,Male,21,81.97,Two Year,Fiber,Yes,No,Credit Card,No,5,10,1721.37,No
721,45,Male,42,109.61,One Year,None,No,Yes,Bank Transfer,Yes,1,9,4603.62,No
722,37,Male,13,104.72,Month-to-Month,DSL,No,Yes,UPI,Yes,4,7,1361.36,No
723,45,Male,64,51.51,Two Year,DSL,Yes,Yes,UPI,No,1,1,3296.64,No
724,25,Male,17,47.62,Month-to-Month,Fiber,No,No,UPI,No,2,9,809.54,No
725,58,Female,9,118.17,One Year,Fiber,No,Yes,Bank Transfer,No,3,2,1063.53,No
726,56,Male,41,72.73,Two Year,DSL,No,Yes,Credit Card,Yes,5,4,2981.93,No
727,18,Male,1,110.64,Month-to-Month,None,No,No,Bank Transfer,No,0,9,110.64,No
728,20,Male,2,36.39,One Year,Fiber,Yes,No,UPI,Yes,2,4,72.78,No
729,30,Male,60,84.28,Month-to-Month,Fiber,No,Yes,Credit Card,Yes,4,3,5056.8,Yes
730,45,Female,48,100.99,Month-to-Month,None,No,Yes,Credit Card,No,2,1,4847.52,No
731,66,Female,29,114.74,Month-to-Month,None,Yes,No,Bank Transfer,No,4,7,3327.46,No
732,42,Female,10,53.73,Month-to-Month,DSL,No,No,Credit Card,No,4,6,537.3,No
733,50,Female,58,92.5,One Year,None,No,No,Credit Card,No,5,10,5365.0,No
734,55,Male,60,73.88,Two Year,DSL,No,Yes,UPI,No,4,4,4432.8,No
735,23,Female,21,26.06,One Year,None,No,Yes,UPI,Yes,1,6,547.26,No
736,61,Male,28,89.0,Two Year,Fiber,Yes,Yes,Credit Card,Yes,3,6,2492.0,No
737,62,Male,34,89.01,One Year,DSL,No,No,Credit Card,Yes,2,4,3026.34,No
738,49,Male,8,113.06,Month-to-Month,DSL,Yes,Yes,Bank Transfer,No,3,6,904.48,No
739,62,Male,59,69.73,Month-to-Month,DSL,No,No,Bank Transfer,Yes,0,10,4114.07,No
740,64,Male,49,43.03,Month-to-Month,None,No,Yes,Credit Card,No,2,8,2108.47,No
741,38,Female,17,24.46,One Year,Fiber,No,No,UPI,No,3,3,415.82,No
742,33,Female,60,61.56,Two Year,DSL,Yes,Yes,Credit Card,Yes,3,4,3693.6,No
743,38,Female,45,50.19,Month-to-Month,DSL,No,Yes,Credit Card,Yes,5,10,2258.55,No
744,28,Female,69,96.11,One Year,DSL,No,No,UPI,No,5,1,6631.59,No
745,54,Male,32,55.43,One Year,DSL,Yes,No,UPI,Yes,0,4,1773.76,No
746,53,Female,44,114.91,Month-to-Month,Fiber,Yes,Yes,Bank Transfer,No,4,10,5056.04,No
747,52,Male,65,116.23,Month-to-Month,None,Yes,No,Bank Transfer,Yes,2,10,7554.95,No
748,36,Female,8,82.09,Month-to-Month,Fiber,Yes,No,Bank Transfer,Yes,5,9,656.72,No
749,37,Male,43,112.87,Month-to-Month,DSL,No,Yes,Bank Transfer,Yes,2,8,4853.41,No
750,35,Male,1,96.09,Month-to-Month,Fiber,No,No,UPI,Yes,0,4,96.09,No
751,64,Female,51,74.69,Month-to-Month,DSL,No,Yes,Credit Card,Yes,5,7,3809.19,No
752,58,Male,24,38.03,Month-to-Month,None,No,Yes,Bank Transfer,No,5,10,912.72,No
753,66,Male,24,65.86,Month-to-Month,None,Yes,No,Bank Transfer,Yes,4,3,1580.64,Yes
754,31,Female,17,76.09,Two Year,None,No,No,UPI,Yes,2,9,1293.53,No
755,32,Male,5,106.4,Month-to-Month,DSL,No,Yes,UPI,Yes,2,10,532.0,No
756,48,Female,20,68.13,One Year,Fiber,No,Yes,Credit Card,No,2,4,1362.6,No
757,18,Female,21,109.77,Month-to-Month,None,No,Yes,Credit Card,No,4,2,2305.17,Yes
758,20,Female,58,87.43,Month-to-Month,DSL,Yes,Yes,UPI,No,5,10,5070.94,No
759,33,Male,31,33.7,Two Year,DSL,No,Yes,Bank Transfer,No,0,5,1044.7,No
760,40,Male,11,119.5,Month-to-Month,Fiber,No,Yes,Bank Transfer,No,2,2,1314.5,No
761,28,Male,52,72.72,Month-to-Month,None,No,No,Bank Transfer,Yes,3,10,3781.44,No
762,29,Female,15,59.19,One Year,DSL,Yes,No,Credit Card,Yes,4,6,887.85,No
763,27,Male,7,85.91,Month-to-Month,Fiber,Yes,No,Bank Transfer,Yes,1,10,601.37,No
764,49,Female,28,30.89,Month-to-Month,None,No,Yes,Bank Transfer,No,0,1,864.92,No
765,33,Female,51,83.65,Month-to-Month,Fiber,No,No,UPI,No,3,6,4266.15,No
766,25,Male,58,69.82,Month-to-Month,Fiber,No,Yes,Bank Transfer,Yes,2,4,4049.56,No
767,55,Female,5,60.67,Month-to-Month,DSL,Yes,Yes,UPI,No,1,3,303.35,No
768,29,Male,5,115.3,Month-to-Month,DSL,No,No,Bank Transfer,No,0,2,576.5,No
769,41,Male,8,72.25,Two Year,DSL,No,Yes,Credit Card,No,4,7,578.0,No
770,45,Male,64,41.91,One Year,Fiber,No,Yes,Bank Transfer,Yes,1,9,2682.24,No
771,25,Male,10,65.9,One Year,DSL,Yes,Yes,Bank Transfer,Yes,5,3,659.0,No
772,45,Male,38,111.94,One Year,Fiber,No,Yes,UPI,No,1,6,4253.72,No
773,53,Female,8,37.61,Two Year,Fiber,No,Yes,UPI,No,3,9,300.88,No
774,43,Female,25,41.4,Month-to-Month,DSL,Yes,Yes,UPI,No,0,2,1035.0,No
775,25,Female,66,21.3,Two Year,None,Yes,No,Bank Transfer,No,3,7,1405.8,No
776,67,Male,50,21.42,One Year,None,No,Yes,Bank Transfer,Yes,3,5,1071.0,No
777,45,Male,67,102.94,One Year,None,Yes,Yes,Credit Card,No,2,5,6896.98,No
778,45,Male,49,93.21,Month-to-Month,Fiber,No,Yes,Bank Transfer,Yes,4,7,4567.29,No
779,54,Female,36,55.5,Month-to-Month,Fiber,Yes,Yes,Credit Card,Yes,1,9,1998.0,No
780,58,Male,68,89.83,Month-to-Month,Fiber,Yes,No,UPI,Yes,0,4,6108.44,No
781,53,Female,41,59.52,One Year,DSL,No,No,UPI,No,5,9,2440.32,No
782,44,Female,62,115.29,Month-to-Month,Fiber,No,Yes,UPI,Yes,4,10,7147.98,No
783,34,Male,10,116.71,One Year,DSL,No,Yes,Credit Card,Yes,4,9,1167.1,No
784,26,Male,21,59.28,Month-to-Month,DSL,Yes,Yes,Bank Transfer,No,0,4,1244.88,No
785,50,Female,36,105.42,Month-to-Month,None,No,No,UPI,No,4,3,3795.12,Yes
786,37,Male,12,97.31,Month-to-Month,None,No,No,Bank Transfer,No,2,2,1167.72,No
787,30,Female,2,51.0,Month-to-Month,None,No,No,Bank Transfer,Yes,4,9,102.0,No
788,45,Male,13,43.2,Month-to-Month,DSL,No,No,UPI,No,2,2,561.6,No
789,65,Male,53,65.82,Month-to-Month,DSL,No,Yes,Credit Card,Yes,1,6,3488.46,No
790,46,Female,32,98.13,Two Year,DSL,Yes,No,Bank Transfer,Yes,1,5,3140.16,No
791,30,Male,16,116.02,Month-to-Month,Fiber,No,No,UPI,No,3,5,1856.32,No
792,63,Female,32,96.36,Month-to-Month,DSL,No,Yes,Bank Transfer,Yes,2,4,3083.52,No
793,52,Male,32,105.52,One Year,None,Yes,Yes,Bank Transfer,Yes,5,6,3376.64,No
794,23,Female,11,80.31,Two Year,None,No,No,Bank Transfer,Yes,1,5,883.41,No
795,35,Female,10,103.54,One Year,DSL,No,No,Bank Transfer,Yes,4,4,1035.4,No
796,68,Male,15,98.44,Month-to-Month,DSL,No,No,Bank Transfer,No,0,9,1476.6,No
797,22,Female,17,57.7,Two Year,None,No,No,Credit Card,Yes,0,6,980.9,No
798,64,Male,40,75.2,One Year,DSL,No,Yes,Credit Card,No,2,10,3008.0,No
799,42,Male,18,100.48,Month-to-Month,None,Yes,Yes,UPI,Yes,5,10,1808.64,No
800,19,Male,55,24.61,Month-to-Month,Fiber,Yes,No,Credit Card,Yes,3,10,1353.55,No
801,27,Female,25,100.81,Month-to-Month,None,Yes,No,Credit Card,No,4,3,2520.25,Yes
802,47,Female,59,37.79,Month-to-Month,Fiber,No,No,Credit Card,Yes,2,10,2229.61,No
803,67,Male,22,71.47,One Year,DSL,Yes,No,Bank Transfer,Yes,0,6,1572.34,No
804,62,Male,30,100.83,Month-to-Month,DSL,No,No,Bank Transfer,Yes,2,1,3024.9,No
805,22,Female,44,45.38,Two Year,Fiber,No,Yes,UPI,Yes,4,5,1996.72,No
806,50,Male,32,44.58,Month-to-Month,DSL,No,Yes,UPI,Yes,5,10,1426.56,No
807,18,Male,51,60.28,Month-to-Month,Fiber,Yes,Yes,UPI,Yes,5,6,3074.28,No
808,35,Female,46,109.46,Month-to-Month,DSL,Yes,No,Bank Transfer,No,1,8,5035.16,No
809,49,Male,21,20.04,Month-to-Month,None,Yes,No,Credit Card,No,4,9,420.84,No
810,64,Female,32,110.14,One Year,DSL,No,Yes,Credit Card,No,1,3,3524.48,No
811,66,Male,39,35.38,One Year,None,Yes,Yes,Bank Transfer,Yes,1,2,1379.82,No
812,28,Female,12,119.01,Month-to-Month,None,No,No,UPI,Yes,1,4,1428.12,No
813,38,Male,47,115.48,Month-to-Month,Fiber,Yes,Yes,UPI,Yes,2,8,5427.56,No
814,43,Male,18,69.47,Month-to-Month,DSL,Yes,No,UPI,No,0,8,1250.46,No
815,42,Female,21,71.27,One Year,Fiber,No,No,Bank Transfer,Yes,5,3,1496.67,No
816,39,Male,13,68.15,Month-to-Month,DSL,No,Yes,UPI,No,2,4,885.95,No
817,44,Female,21,83.54,Month-to-Month,None,Yes,Yes,UPI,Yes,0,3,1754.34,No
818,66,Male,8,29.07,One Year,None,Yes,Yes,Bank Transfer,Yes,5,10,232.56,No
819,30,Female,46,23.26,Two Year,DSL,Yes,No,Credit Card,Yes,4,2,1069.96,No
820,50,Female,7,25.77,Month-to-Month,DSL,No,No,Bank Transfer,No,5,4,180.39,Yes
821,51,Female,23,64.44,Month-to-Month,Fiber,No,Yes,Bank Transfer,Yes,5,6,1482.12,No
822,58,Female,22,47.55,One Year,DSL,Yes,No,Bank Transfer,No,5,5,1046.1,No
823,52,Male,22,82.2,One Year,DSL,Yes,No,Bank Transfer,Yes,3,3,1808.4,No
824,18,Male,29,119.24,Month-to-Month,DSL,No,No,Credit Card,Yes,4,2,3457.96,Yes
825,38,Female,13,58.63,Two Year,Fiber,Yes,Yes,UPI,No,2,9,762.19,No
826,65,Female,2,77.38,One Year,DSL,No,No,Bank Transfer,Yes,2,1,154.76,No
827,23,Female,29,61.56,Month-to-Month,None,No,Yes,Credit Card,Yes,0,9,1785.24,No
828,45,Male,52,104.73,Month-to-Month,Fiber,No,Yes,UPI,Yes,2,1,5445.96,No
829,34,Male,27,110.22,Month-to-Month,Fiber,No,No,UPI,Yes,1,7,2975.94,No
830,22,Male,50,107.74,One Year,None,No,Yes,UPI,No,5,6,5387.0,No
831,48,Male,23,117.44,Month-to-Month,None,No,No,Bank Transfer,No,2,7,2701.12,No
832,22,Female,44,22.75,One Year,None,Yes,Yes,Bank Transfer,Yes,0,3,1001.0,No
833,55,Female,22,103.98,One Year,DSL,No,Yes,UPI,Yes,0,3,2287.56,No
834,20,Female,43,95.18,Month-to-Month,None,No,No,UPI,No,1,1,4092.74,No
835,40,Male,37,42.87,One Year,DSL,Yes,Yes,UPI,Yes,0,4,1586.19,No
836,54,Male,61,115.63,Two Year,Fiber,No,Yes,UPI,No,3,2,7053.43,No
837,54,Male,56,34.82,Month-to-Month,Fiber,Yes,Yes,UPI,Yes,5,10,1949.92,No
838,27,Female,3,87.95,Month-to-Month,None,No,No,UPI,No,5,8,263.85,No
839,27,Female,63,42.49,Month-to-Month,DSL,Yes,No,Credit Card,No,5,3,2676.87,Yes
840,36,Male,19,63.14,Two Year,None,Yes,Yes,UPI,No,4,7,1199.66,No
841,34,Female,23,91.92,Two Year,None,No,Yes,Bank Transfer,No,2,7,2114.16,No
842,38,Male,29,76.33,Month-to-Month,DSL,No,Yes,Bank Transfer,Yes,3,9,2213.57,No
843,31,Male,30,62.75,One Year,None,No,No,Bank Transfer,Yes,2,6,1882.5,No
844,26,Female,39,52.63,Month-to-Month,Fiber,No,No,UPI,No,3,1,2052.57,Yes
845,63,Male,25,103.97,Month-to-Month,None,Yes,Yes,Bank Transfer,No,2,8,2599.25,No
846,18,Female,8,34.38,Month-to-Month,DSL,Yes,No,Credit Card,No,1,1,275.04,No
847,68,Male,58,63.01,Month-to-Month,DSL,Yes,No,UPI,No,0,3,3654.58,No
848,62,Female,16,110.38,Month-to-Month,Fiber,No,No,Bank Transfer,Yes,0,5,1766.08,No
849,30,Female,1,104.58,Month-to-Month,DSL,Yes,No,Credit Card,No,1,8,104.58,No
850,21,Female,5,60.09,Month-to-Month,DSL,No,Yes,Credit Card,No,3,9,300.45,No
851,18,Male,3,96.31,Two Year,Fiber,No,No,Bank Transfer,No,4,7,288.93,No
852,66,Male,65,102.32,Month-to-Month,None,Yes,No,Credit Card,No,3,9,6650.8,No
853,57,Female,4,108.89,Month-to-Month,Fiber,No,Yes,Bank Transfer,No,0,3,435.56,No
854,49,Female,64,74.45,Month-to-Month,None,Yes,Yes,Credit Card,No,4,5,4764.8,No
855,51,Male,10,40.45,One Year,Fiber,No,No,UPI,No,2,10,404.5,No
856,45,Male,21,45.53,Month-to-Month,None,Yes,No,UPI,Yes,4,8,956.13,No
857,48,Male,46,49.57,Month-to-Month,Fiber,No,Yes,UPI,No,3,1,2280.22,Yes
858,25,Female,27,79.38,Two Year,None,Yes,Yes,UPI,No,1,8,2143.26,No
859,56,Male,66,23.28,Month-to-Month,Fiber,Yes,Yes,UPI,No,2,7,1536.48,No
860,43,Male,41,83.6,Month-to-Month,None,No,No,Bank Transfer,Yes,3,1,3427.6,Yes
861,51,Female,13,56.44,One Year,Fiber,No,No,UPI,Yes,2,10,733.72,No
862,20,Male,9,49.52,Month-to-Month,DSL,Yes,Yes,UPI,Yes,4,10,445.68,No
863,67,Male,36,107.95,Month-to-Month,None,No,No,UPI,No,0,6,3886.2,No
864,29,Male,58,66.0,Month-to-Month,Fiber,No,Yes,UPI,No,3,1,3828.0,Yes
865,18,Female,54,29.51,Month-to-Month,None,No,No,Credit Card,No,1,2,1593.54,No
866,61,Female,12,102.67,Month-to-Month,None,Yes,Yes,UPI,Yes,4,5,1232.04,No
867,22,Female,14,24.76,Month-to-Month,Fiber,Yes,Yes,UPI,No,3,2,346.64,Yes
868,47,Female,34,92.67,Month-to-Month,None,No,No,Bank Transfer,Yes,1,10,3150.78,No
869,47,Female,53,97.39,Month-to-Month,Fiber,No,No,Credit Card,Yes,3,1,5161.67,Yes
870,34,Female,20,55.26,One Year,DSL,Yes,No,Bank Transfer,Yes,4,6,1105.2,No
871,65,Female,16,102.48,Month-to-Month,None,No,No,UPI,Yes,3,8,1639.68,No
872,64,Male,70,71.57,Month-to-Month,DSL,Yes,No,Bank Transfer,Yes,2,8,5009.9,No
873,40,Male,56,66.33,Two Year,None,No,No,Bank Transfer,No,4,8,3714.48,No
874,32,Female,58,24.54,One Year,None,No,Yes,UPI,No,3,6,1423.32,No
875,54,Male,4,49.0,Month-to-Month,None,No,No,Credit Card,Yes,0,3,196.0,No
876,38,Male,4,113.1,Two Year,Fiber,Yes,Yes,Credit Card,No,3,1,452.4,No
877,31,Female,20,59.18,Month-to-Month,DSL,Yes,Yes,Bank Transfer,No,2,2,1183.6,No
878,19,Male,10,74.67,Month-to-Month,None,Yes,No,UPI,Yes,1,5,746.7,No
879,28,Male,24,73.2,One Year,Fiber,Yes,Yes,Bank Transfer,Yes,1,10,1756.8,No
880,68,Male,26,79.04,Month-to-Month,None,No,Yes,Bank Transfer,No,1,5,2055.04,No
881,56,Male,37,26.13,Month-to-Month,Fiber,No,No,Bank Transfer,No,0,10,966.81,No
882,55,Male,54,56.22,Month-to-Month,None,Yes,No,UPI,No,2,1,3035.88,No
883,51,Female,21,92.31,Month-to-Month,DSL,No,No,UPI,No,4,1,1938.51,Yes
884,55,Female,38,40.06,Month-to-Month,DSL,No,Yes,Credit Card,Yes,1,9,1522.28,No
885,67,Female,46,40.36,Two Year,None,Yes,No,UPI,No,2,2,1856.56,No
886,51,Male,4,21.01,Month-to-Month,Fiber,No,No,Bank Transfer,Yes,3,7,84.04,No
887,35,Female,60,63.75,Two Year,None,No,No,Bank Transfer,Yes,0,10,3825.0,No
888,47,Male,57,108.27,Month-to-Month,Fiber,Yes,No,Credit Card,No,2,4,6171.39,No
889,32,Male,45,25.19,One Year,None,No,Yes,UPI,No,2,7,1133.55,No
890,44,Male,20,39.11,One Year,Fiber,No,No,Bank Transfer,No,4,8,782.2,No
891,68,Male,17,51.01,One Year,DSL,No,Yes,Credit Card,Yes,2,5,867.17,No
892,51,Female,71,93.17,Month-to-Month,None,Yes,No,Credit Card,Yes,4,1,6615.07,Yes
893,69,Female,4,84.06,Month-to-Month,DSL,Yes,Yes,Bank Transfer,Yes,0,4,336.24,No
894,55,Male,14,61.59,Month-to-Month,DSL,No,Yes,Bank Transfer,Yes,0,10,862.26,No
895,50,Female,3,95.91,Two Year,None,No,Yes,UPI,No,3,3,287.73,No
896,41,Male,58,80.96,One Year,None,No,No,Credit Card,Yes,4,10,4695.68,No
897,32,Female,55,109.6,Month-to-Month,Fiber,Yes,Yes,Bank Transfer,Yes,4,5,6028.0,No
898,47,Female,4,101.8,Month-to-Month,Fiber,Yes,No,Credit Card,No,1,10,407.2,No
899,59,Male,24,45.28,Month-to-Month,DSL,Yes,No,UPI,Yes,1,10,1086.72,No
900,68,Female,34,47.14,One Year,Fiber,No,No,Bank Transfer,Yes,3,6,1602.76,No
901,34,Male,30,32.54,Month-to-Month,Fiber,No,No,UPI,No,0,2,976.2,No
902,22,Female,19,53.7,One Year,None,No,No,Credit Card,Yes,5,7,1020.3,No
903,46,Male,31,119.95,Two Year,Fiber,No,Yes,UPI,Yes,1,3,3718.45,No
904,21,Male,60,60.58,Month-to-Month,DSL,No,No,UPI,Yes,2,1,3634.8,No
905,27,Female,60,42.05,Month-to-Month,Fiber,Yes,Yes,Credit Card,Yes,0,10,2523.0,No
906,34,Female,19,96.25,Month-to-Month,DSL,No,Yes,UPI,No,5,3,1828.75,Yes
907,27,Male,49,74.25,Month-to-Month,None,No,Yes,Credit Card,Yes,2,9,3638.25,No
908,34,Female,63,34.96,Month-to-Month,DSL,No,Yes,Bank Transfer,No,4,10,2202.48,No
909,37,Female,22,58.07,Month-to-Month,Fiber,Yes,Yes,Credit Card,Yes,0,6,1277.54,No
910,41,Male,24,61.45,Two Year,None,No,Yes,Credit Card,No,3,6,1474.8,No
911,22,Male,30,95.38,Month-to-Month,Fiber,Yes,Yes,Bank Transfer,No,4,4,2861.4,Yes
912,51,Female,58,22.07,Month-to-Month,None,Yes,No,Credit Card,No,4,8,1280.06,No
913,23,Male,31,46.9,Two Year,None,Yes,Yes,Bank Transfer,Yes,2,5,1453.9,No
914,19,Male,64,71.76,One Year,Fiber,Yes,No,Bank Transfer,Yes,4,7,4592.64,No
915,30,Male,19,46.88,Month-to-Month,Fiber,Yes,Yes,Credit Card,Yes,1,9,890.72,No
916,60,Female,48,82.84,Month-to-Month,None,No,Yes,UPI,No,0,5,3976.32,No
917,60,Female,45,68.19,Month-to-Month,None,No,Yes,UPI,Yes,1,5,3068.55,No
918,65,Male,55,56.17,One Year,Fiber,Yes,Yes,Bank Transfer,Yes,2,4,3089.35,No
919,28,Female,55,114.92,One Year,DSL,Yes,No,UPI,Yes,5,6,6320.6,No
920,68,Male,18,83.22,One Year,Fiber,Yes,No,UPI,Yes,2,2,1497.96,No
921,64,Female,63,32.99,Month-to-Month,None,No,No,Credit Card,No,0,3,2078.37,No
922,40,Male,47,76.01,One Year,Fiber,No,Yes,Bank Transfer,No,4,1,3572.47,No
923,33,Male,57,98.07,Month-to-Month,DSL,Yes,Yes,Bank Transfer,Yes,3,2,5589.99,Yes
924,48,Female,45,90.85,Month-to-Month,Fiber,No,Yes,Credit Card,Yes,2,2,4088.25,No
925,28,Male,33,37.21,Month-to-Month,None,No,No,UPI,Yes,0,8,1227.93,No
926,33,Female,17,117.24,Month-to-Month,Fiber,Yes,Yes,Bank Transfer,No,3,8,1993.08,No
927,25,Female,70,64.88,Month-to-Month,None,Yes,No,UPI,Yes,4,2,4541.6,Yes
928,21,Male,4,35.9,One Year,None,No,No,Bank Transfer,No,5,6,143.6,No
929,57,Male,20,38.02,Two Year,Fiber,No,Yes,Bank Transfer,No,2,5,760.4,No
930,21,Female,47,29.82,Month-to-Month,None,No,Yes,Bank Transfer,Yes,5,3,1401.54,Yes
931,42,Male,15,100.35,Month-to-Month,None,Yes,No,Bank Transfer,Yes,0,5,1505.25,No
932,20,Male,70,32.2,Month-to-Month,DSL,Yes,No,UPI,Yes,5,5,2254.0,No
933,49,Male,47,32.51,Month-to-Month,DSL,Yes,No,UPI,No,5,5,1527.97,No
934,20,Male,9,105.05,Month-to-Month,DSL,No,Yes,UPI,No,0,3,945.45,No
935,44,Male,16,54.46,Two Year,DSL,No,Yes,UPI,Yes,0,3,871.36,No
936,46,Female,69,23.09,Month-to-Month,None,Yes,Yes,Credit Card,No,2,4,1593.21,No
937,49,Female,61,25.19,Month-to-Month,Fiber,No,Yes,Bank Transfer,Yes,5,7,1536.59,No
938,67,Male,10,34.22,Month-to-Month,None,Yes,Yes,Bank Transfer,Yes,3,2,342.2,Yes
939,68,Male,50,41.34,Two Year,None,No,Yes,Bank Transfer,No,0,10,2067.0,No
940,36,Male,3,86.51,One Year,None,Yes,No,Credit Card,No,4,4,259.53,No
941,38,Female,70,35.73,Two Year,Fiber,No,No,UPI,No,5,4,2501.1,No
942,22,Male,51,31.89,One Year,DSL,No,No,Bank Transfer,No,0,1,1626.39,No
943,35,Female,19,96.47,Month-to-Month,None,Yes,Yes,UPI,Yes,3,10,1832.93,No
944,45,Female,42,87.11,Month-to-Month,None,Yes,No,UPI,Yes,2,8,3658.62,No
945,59,Female,35,63.53,One Year,DSL,Yes,Yes,Credit Card,Yes,5,1,2223.55,No
946,39,Male,46,74.93,Month-to-Month,None,Yes,Yes,Credit Card,No,0,8,3446.78,No
947,38,Female,26,51.2,Month-to-Month,Fiber,Yes,No,UPI,Yes,0,7,1331.2,No
948,23,Male,69,68.25,Month-to-Month,None,No,Yes,Bank Transfer,No,4,9,4709.25,No
949,18,Female,64,70.67,Month-to-Month,None,Yes,No,Bank Transfer,No,4,8,4522.88,No
950,22,Male,37,58.72,Month-to-Month,DSL,Yes,No,Credit Card,No,5,5,2172.64,No
951,58,Female,49,110.66,Month-to-Month,None,Yes,Yes,Credit Card,Yes,0,8,5422.34,No
952,29,Male,21,21.61,One Year,None,Yes,No,Credit Card,No,5,10,453.81,No
953,43,Female,64,98.22,Month-to-Month,Fiber,Yes,No,Credit Card,No,0,3,6286.08,No
954,63,Male,5,32.44,Month-to-Month,DSL,No,No,Credit Card,No,4,10,162.2,No
955,51,Male,70,99.75,Month-to-Month,DSL,Yes,No,Credit Card,No,3,7,6982.5,No
956,66,Male,4,81.59,Month-to-Month,Fiber,Yes,Yes,Credit Card,No,1,4,326.36,No
957,31,Male,39,104.33,Month-to-Month,None,Yes,No,Bank Transfer,No,1,5,4068.87,No
958,43,Female,35,29.75,Month-to-Month,DSL,No,No,Credit Card,No,0,9,1041.25,No
959,62,Female,1,75.9,Month-to-Month,DSL,No,No,Credit Card,No,4,7,75.9,No
960,44,Male,24,70.11,Month-to-Month,None,Yes,Yes,Bank Transfer,No,2,4,1682.64,No
961,26,Female,57,90.62,Month-to-Month,None,Yes,No,Bank Transfer,No,2,6,5165.34,No
962,43,Male,70,73.43,Month-to-Month,DSL,No,Yes,UPI,No,1,10,5140.1,No
963,64,Male,41,74.07,Month-to-Month,None,No,No,Credit Card,No,3,7,3036.87,No
964,39,Female,54,62.96,Month-to-Month,DSL,No,No,Credit Card,Yes,1,10,3399.84,No
965,64,Male,46,50.88,Month-to-Month,None,Yes,No,Credit Card,Yes,0,9,2340.48,No
966,47,Male,60,68.23,One Year,None,Yes,Yes,Credit Card,No,3,4,4093.8,No
967,60,Female,60,31.85,Month-to-Month,Fiber,No,Yes,UPI,No,2,10,1911.0,No
968,65,Male,57,116.15,Month-to-Month,None,Yes,Yes,Bank Transfer,No,4,3,6620.55,Yes
969,34,Male,31,91.44,Month-to-Month,Fiber,No,Yes,Bank Transfer,Yes,4,8,2834.64,No
970,43,Male,24,115.25,One Year,None,No,Yes,Credit Card,Yes,0,1,2766.0,No
971,53,Male,36,42.67,Two Year,DSL,No,Yes,Credit Card,Yes,1,9,1536.12,No
972,18,Female,30,107.93,One Year,DSL,Yes,No,Credit Card,No,0,1,3237.9,No
973,25,Female,24,100.88,One Year,None,No,Yes,UPI,No,4,2,2421.12,No
974,66,Female,30,87.72,Month-to-Month,None,No,No,UPI,No,2,8,2631.6,No
975,52,Male,7,82.5,One Year,DSL,Yes,Yes,Bank Transfer,No,4,9,577.5,No
976,69,Male,35,51.65,Month-to-Month,None,No,Yes,Credit Card,Yes,3,7,1807.75,No
977,32,Female,55,101.64,Month-to-Month,Fiber,Yes,Yes,Credit Card,No,5,3,5590.2,Yes
978,64,Male,14,70.15,Month-to-Month,Fiber,No,No,Credit Card,Yes,4,7,982.1,No
979,39,Male,10,27.09,Month-to-Month,Fiber,Yes,Yes,Credit Card,Yes,4,6,270.9,No
980,31,Male,16,51.29,Two Year,Fiber,No,Yes,UPI,No,5,2,820.64,No
981,43,Male,54,113.53,Month-to-Month,Fiber,No,No,Bank Transfer,Yes,3,3,6130.62,Yes
982,45,Female,70,105.07,One Year,None,No,No,Bank Transfer,Yes,1,10,7354.9,No
983,40,Female,44,118.19,Month-to-Month,None,No,No,UPI,Yes,4,10,5200.36,No
984,31,Female,45,82.8,Month-to-Month,Fiber,No,No,Credit Card,Yes,0,5,3726.0,No
985,41,Male,56,44.75,Month-to-Month,None,Yes,Yes,Bank Transfer,No,4,10,2506.0,No
986,19,Female,57,36.28,Month-to-Month,None,Yes,No,Bank Transfer,No,0,4,2067.96,No
987,62,Female,21,38.69,One Year,Fiber,No,Yes,UPI,Yes,3,2,812.49,No
988,43,Male,68,21.98,Month-to-Month,None,No,Yes,Credit Card,No,4,4,1494.64,Yes
989,31,Male,50,59.07,Month-to-Month,None,No,No,Bank Transfer,Yes,3,8,2953.5,No
990,68,Female,33,39.14,One Year,None,Yes,Yes,Credit Card,No,3,5,1291.62,No
991,24,Female,7,61.17,Month-to-Month,Fiber,Yes,No,Bank Transfer,No,1,5,428.19,No
992,20,Female,70,113.5,Two Year,None,No,Yes,UPI,No,4,10,7945.0,No
993,64,Female,15,63.05,Month-to-Month,DSL,Yes,No,Credit Card,No,0,3,945.75,No
994,40,Male,32,107.8,Month-to-Month,DSL,No,No,UPI,No,0,8,3449.6,No
995,63,Female,20,80.55,Month-to-Month,Fiber,No,No,Bank Transfer,Yes,4,6,1611.0,No
996,60,Female,15,44.71,Month-to-Month,DSL,No,No,UPI,No,5,2,670.65,Yes
997,64,Male,48,55.59,Month-to-Month,Fiber,Yes,No,UPI,Yes,1,2,2668.32,No
998,62,Female,71,28.39,One Year,DSL,No,No,UPI,Yes,1,9,2015.69,No
999,35,Male,21,53.35,Two Year,DSL,No,Yes,Bank Transfer,No,1,7,1120.35,No
1000,55,Male,42,87.75,One Year,DSL,No,Yes,Credit Card,Yes,0,10,3685.5,No
